"sample","state_fips","year","one_party","rows"
"HE",1,1980,"no_dem",7
"HE",1,1980,"no_rep",35
"HE",1,1982,"no_rep",26
"HE",1,1984,"no_rep",46
"HE",1,1986,"no_dem",7
"HE",1,1988,"no_dem",13
"HE",1,1988,"no_rep",26
"HE",1,1990,"no_dem",6
"HE",1,1990,"no_rep",13
"HE",1,1994,"no_rep",12
"HE",1,1998,"no_dem",5
"HE",1,1998,"no_rep",9
"HE",1,2000,"no_dem",20
"HE",1,2000,"no_rep",6
"HE",1,2002,"no_dem",15
"HE",1,2002,"no_rep",8
"HE",1,2004,"no_dem",3
"HE",1,2006,"no_dem",3
"HE",1,2006,"no_rep",14
"HE",1,2008,"no_dem",8
"HE",1,2008,"no_rep",8
"HE",1,2010,"no_dem",20
"HE",1,2012,"no_dem",5
"HE",1,2014,"no_dem",16
"HE",1,2014,"no_rep",9
"HE",1,2016,"no_dem",17
"HE",1,2016,"no_rep",10
"HE",1,2018,"no_rep",10
"HE",1,2020,"no_dem",8
"HE",1,2020,"no_rep",10
"HE",1,2022,"no_dem",7
"HE",1,2024,"no_dem",27
"HE",4,2016,"no_rep",1
"HE",4,2022,"no_dem",1
"HE",5,1998,"no_dem",16
"HE",5,2002,"no_dem",11
"HE",5,2002,"no_rep",8
"HE",5,2008,"no_dem",12
"HE",5,2008,"no_rep",37
"HE",5,2012,"no_dem",6
"HE",5,2014,"no_dem",6
"HE",5,2016,"no_dem",68
"HE",5,2020,"no_dem",28
"HE",6,1990,"no_dem",1
"HE",6,1990,"no_rep",4
"HE",6,1992,"no_rep",2
"HE",6,1998,"no_dem",2
"HE",6,1998,"no_rep",2
"HE",6,2000,"no_dem",1
"HE",6,2006,"no_rep",1
"HE",6,2008,"no_rep",1
"HE",6,2010,"no_dem",1
"HE",6,2012,"no_dem",2
"HE",6,2014,"no_dem",6
"HE",6,2014,"no_rep",3
"HE",6,2018,"no_dem",2
"HE",6,2018,"no_rep",3
"HE",6,2022,"no_rep",1
"HE",8,2006,"no_rep",1
"HE",8,2012,"no_dem",4
"HE",10,2018,"neither_major_party",1
"HE",11,2016,"no_rep",1
"HE",11,2018,"no_rep",1
"HE",11,2022,"no_rep",1
"HE",12,1992,"no_dem",2
"HE",12,1994,"no_dem",3
"HE",12,1998,"no_dem",5
"HE",12,1998,"no_rep",24
"HE",12,2000,"no_dem",12
"HE",12,2000,"no_rep",1
"HE",12,2002,"no_dem",9
"HE",12,2004,"no_dem",6
"HE",12,2004,"no_rep",3
"HE",12,2010,"no_dem",12
"HE",12,2012,"no_dem",2
"HE",12,2014,"no_dem",3
"HE",12,2020,"no_dem",14
"HE",12,2022,"no_dem",9
"HE",13,1998,"no_dem",46
"HE",13,2000,"no_dem",12
"HE",13,2002,"no_dem",11
"HE",13,2002,"no_rep",24
"HE",13,2004,"no_dem",35
"HE",13,2004,"no_rep",1
"HE",13,2010,"no_dem",21
"HE",13,2012,"no_dem",52
"HE",13,2014,"no_dem",45
"HE",13,2014,"no_rep",3
"HE",13,2016,"no_dem",65
"HE",13,2016,"no_rep",1
"HE",13,2018,"no_dem",22
"HE",16,1994,"no_rep",18
"HE",16,1996,"no_rep",18
"HE",16,1998,"no_rep",18
"HE",17,1990,"no_dem",18
"HE",17,1990,"no_rep",18
"HE",17,1998,"no_dem",16
"HE",17,2000,"no_rep",7
"HE",17,2002,"no_dem",13
"HE",17,2006,"no_rep",9
"HE",17,2008,"no_rep",9
"HE",17,2016,"no_dem",39
"HE",17,2024,"no_dem",31
"HE",18,2016,"no_rep",2
"HE",20,2000,"no_dem",65
"HE",20,2002,"no_dem",66
"HE",20,2004,"no_dem",66
"HE",20,2012,"no_dem",63
"HE",20,2016,"no_dem",61
"HE",21,1990,"no_dem",43
"HE",21,1990,"no_rep",24
"HE",21,1996,"no_dem",27
"HE",21,2002,"no_dem",14
"HE",21,2004,"no_dem",28
"HE",21,2006,"no_rep",14
"HE",21,2008,"no_dem",28
"HE",21,2016,"no_dem",47
"HE",21,2024,"no_dem",51
"HE",22,1990,"no_dem",1
"HE",22,1990,"no_rep",8
"HE",22,1992,"no_dem",8
"HE",22,1992,"no_rep",4
"HE",22,1994,"no_rep",10
"HE",22,1996,"no_rep",8
"HE",22,1998,"no_rep",2
"HE",22,2000,"no_dem",10
"HE",22,2000,"no_rep",7
"HE",22,2002,"no_dem",21
"HE",22,2002,"no_rep",7
"HE",22,2006,"no_dem",6
"HE",22,2010,"no_dem",19
"HE",22,2012,"no_dem",48
"HE",22,2014,"no_dem",23
"HE",22,2014,"no_rep",1
"HE",22,2016,"no_dem",20
"HE",22,2016,"no_rep",1
"HE",22,2018,"no_rep",1
"HE",22,2022,"no_dem",1
"HE",22,2024,"no_dem",15
"HE",24,2006,"no_rep",3
"HE",25,2002,"no_rep",2
"HE",25,2004,"no_rep",4
"HE",25,2006,"no_rep",5
"HE",25,2008,"no_rep",3
"HE",25,2012,"no_rep",3
"HE",25,2014,"no_rep",6
"HE",25,2016,"no_rep",4
"HE",25,2018,"no_rep",1
"HE",25,2020,"no_rep",1
"HE",25,2024,"no_rep",7
"HE",26,1998,"no_dem",13
"HE",26,2002,"no_rep",2
"HE",26,2006,"no_rep",1
"HE",28,2006,"no_dem",20
"HE",28,2012,"no_dem",20
"HE",28,2014,"no_rep",24
"HE",28,2018,"no_rep",24
"HE",28,2020,"no_dem",13
"HE",28,2024,"no_dem",19
"HE",29,2010,"no_dem",23
"HE",31,1998,"no_dem",66
"HE",31,2002,"no_dem",91
"HE",31,2016,"no_dem",74
"HE",32,2024,"no_dem",11
"HE",35,2002,"no_rep",12
"HE",36,2004,"no_dem",2
"HE",36,2006,"no_rep",2
"HE",36,2012,"neither_major_party",2
"HE",36,2014,"no_dem",4
"HE",36,2014,"no_rep",1
"HE",36,2016,"no_dem",1
"HE",36,2016,"no_rep",1
"HE",36,2018,"no_rep",2
"HE",37,2000,"no_dem",10
"HE",37,2002,"no_dem",10
"HE",37,2006,"no_rep",13
"HE",37,2018,"no_dem",16
"HE",37,2024,"no_dem",13
"HE",38,2022,"no_dem",53
"HE",39,2002,"no_dem",12
"HE",39,2012,"no_dem",5
"HE",39,2014,"no_dem",4
"HE",40,1994,"no_dem",4
"HE",40,2000,"no_dem",20
"HE",40,2002,"no_dem",30
"HE",40,2004,"no_dem",45
"HE",40,2010,"no_dem",3
"HE",41,2008,"no_rep",9
"HE",42,2000,"no_dem",21
"HE",42,2002,"neither_major_party",10
"HE",42,2002,"no_dem",18
"HE",42,2004,"no_dem",23
"HE",42,2004,"no_rep",4
"HE",42,2014,"no_dem",1
"HE",42,2016,"no_dem",3
"HE",42,2022,"no_dem",14
"HE",44,2006,"no_rep",2
"HE",44,2020,"no_rep",2
"HE",45,1990,"no_dem",5
"HE",45,1990,"no_rep",19
"HE",45,1992,"no_dem",5
"HE",45,1994,"no_dem",5
"HE",45,1996,"no_dem",7
"HE",45,1998,"no_dem",10
"HE",45,2000,"no_dem",3
"HE",45,2002,"no_dem",7
"HE",45,2002,"no_rep",11
"HE",45,2004,"no_dem",9
"HE",45,2012,"no_dem",3
"HE",45,2012,"no_rep",7
"HE",45,2022,"no_dem",11
"HE",46,2020,"no_dem",66
"HE",46,2022,"no_dem",66
"HE",47,2000,"no_dem",15
"HE",47,2002,"no_dem",10
"HE",47,2004,"no_dem",9
"HE",47,2008,"no_rep",31
"HE",47,2012,"no_dem",17
"HE",47,2014,"no_dem",11
"HE",47,2020,"no_rep",2
"HE",48,1992,"no_rep",25
"HE",48,1994,"no_dem",32
"HE",48,1996,"no_dem",1
"HE",48,1998,"no_dem",15
"HE",48,1998,"no_rep",20
"HE",48,2000,"no_dem",18
"HE",48,2000,"no_rep",35
"HE",48,2002,"no_dem",19
"HE",48,2002,"no_rep",5
"HE",48,2004,"no_dem",53
"HE",48,2006,"no_dem",34
"HE",48,2006,"no_rep",10
"HE",48,2008,"no_dem",66
"HE",48,2010,"no_dem",62
"HE",48,2012,"no_dem",75
"HE",48,2014,"no_dem",60
"HE",48,2014,"no_rep",5
"HE",48,2016,"no_dem",131
"HE",48,2018,"no_rep",5
"HE",48,2022,"no_dem",73
"HE",48,2024,"no_dem",111
"HE",49,1998,"no_dem",17
"HE",49,2000,"no_dem",11
"HE",50,1994,"no_dem",14
"HE",50,1998,"no_dem",14
"HE",50,2002,"no_dem",14
"HE",50,2008,"no_rep",14
"HE",50,2016,"no_rep",14
"HE",51,1990,"no_rep",82
"HE",51,1992,"no_dem",4
"HE",51,1994,"no_dem",56
"HE",51,1996,"no_dem",17
"HE",51,1998,"no_dem",30
"HE",51,1998,"no_rep",41
"HE",51,2000,"no_dem",29
"HE",51,2000,"no_rep",39
"HE",51,2002,"no_dem",52
"HE",51,2002,"no_rep",4
"HE",51,2004,"no_dem",43
"HE",51,2006,"no_dem",31
"HE",51,2006,"no_rep",4
"HE",51,2008,"no_rep",27
"HE",51,2010,"no_dem",16
"HE",51,2014,"no_dem",45
"HE",51,2014,"no_rep",4
"HE",51,2016,"no_rep",1
"HE",51,2018,"no_rep",4
"HE",51,2020,"no_dem",27
"HE",53,2014,"no_dem",6
"HE",53,2016,"no_dem",6
"HE",53,2016,"no_rep",1
"HE",53,2018,"no_rep",2
"HE",53,2024,"no_dem",5
"HE",54,2000,"no_rep",35
"HE",54,2002,"no_rep",36
"HE",54,2004,"no_rep",34
"HE",54,2008,"no_rep",15
"HE",55,1990,"no_dem",12
"HE",55,1990,"no_rep",4
"HE",55,1994,"no_dem",11
"HE",55,1998,"no_dem",11
"HE",55,2002,"no_dem",11
"HE",55,2004,"no_rep",17
"HE",55,2006,"no_dem",9
"HE",55,2008,"no_dem",2
"HE",55,2016,"no_rep",1
"HE",55,2022,"no_dem",9
"HE",56,2002,"no_dem",18
"HE",56,2022,"no_dem",23
"PE",1,1868,"no_rep",1
"PE",1,1884,"no_rep",1
"PE",1,1892,"no_rep",5
"PE",1,1904,"no_rep",1
"PE",5,1868,"no_rep",1
"PE",5,1876,"no_rep",1
"PE",6,1912,"no_rep",6
"PE",8,1892,"no_dem",55
"PE",12,1872,"no_rep",1
"PE",12,1892,"no_rep",45
"PE",12,1920,"no_rep",1
"PE",13,1868,"no_rep",11
"PE",13,1872,"no_rep",8
"PE",13,1876,"no_rep",7
"PE",13,1880,"no_rep",3
"PE",13,1884,"no_rep",7
"PE",13,1888,"no_rep",5
"PE",13,1892,"no_rep",2
"PE",13,1904,"no_rep",1
"PE",13,1912,"no_rep",4
"PE",13,1916,"no_rep",7
"PE",13,1920,"no_rep",3
"PE",13,1924,"no_rep",1
"PE",13,1932,"no_rep",4
"PE",13,1940,"no_rep",1
"PE",16,1892,"no_dem",16
"PE",19,1868,"no_dem",1
"PE",20,1868,"no_dem",1
"PE",20,1892,"no_dem",105
"PE",22,1868,"no_rep",7
"PE",22,1872,"no_dem",2
"PE",22,1880,"no_rep",8
"PE",22,1884,"no_rep",3
"PE",22,1888,"no_rep",7
"PE",22,1892,"no_rep",2
"PE",22,1896,"no_rep",1
"PE",22,1904,"no_rep",1
"PE",22,1912,"no_rep",1
"PE",22,1928,"no_rep",1
"PE",26,1872,"no_dem",1
"PE",27,1868,"no_dem",2
"PE",27,1872,"no_dem",1
"PE",27,1876,"no_dem",1
"PE",27,1880,"no_dem",1
"PE",28,1880,"no_rep",4
"PE",28,1888,"no_rep",3
"PE",28,1892,"no_rep",2
"PE",28,1896,"no_rep",2
"PE",28,1916,"no_rep",1
"PE",28,1936,"no_rep",1
"PE",31,1868,"no_dem",1
"PE",31,1872,"no_dem",1
"PE",31,1876,"no_dem",1
"PE",38,1892,"no_dem",39
"PE",45,1880,"no_rep",1
"PE",45,1904,"no_rep",3
"PE",45,1908,"no_rep",1
"PE",45,1912,"no_rep",7
"PE",45,1916,"no_rep",3
"PE",45,1920,"no_rep",7
"PE",45,1924,"no_rep",2
"PE",45,1936,"no_rep",2
"PE",45,1948,"no_rep",1
"PE",46,1912,"no_rep",61
"PE",46,1928,"no_rep",1
"PE",46,1932,"no_rep",1
"PE",46,1944,"no_rep",1
"PE",47,1868,"no_dem",3
"PE",47,1872,"no_rep",1
"PE",47,1876,"no_rep",1
"PE",48,1872,"no_rep",5
"PE",48,1876,"no_dem",1
"PE",48,1876,"no_rep",14
"PE",48,1880,"no_rep",22
"PE",48,1884,"no_rep",2
"PE",48,1888,"no_dem",1
"PE",48,1888,"no_rep",14
"PE",48,1892,"no_rep",16
"PE",48,1896,"no_rep",3
"PE",48,1900,"no_rep",2
"PE",48,1904,"no_rep",2
"PE",48,1908,"no_rep",5
"PE",48,1912,"no_dem",1
"PE",48,1912,"no_rep",9
"PE",48,1916,"no_rep",4
"PE",48,1920,"no_rep",1
"PE",48,1924,"no_rep",2
"PE",48,1928,"no_rep",3
"PE",50,1920,"no_rep",3
"PE",51,1936,"no_rep",1
"PE",56,1892,"no_dem",12
"SE",1,1914,"no_rep",7
"SE",1,1918,"no_rep",67
"SE",1,1920,"no_rep",1
"SE",1,1926,"no_rep",3
"SE",1,1930,"no_rep",67
"SE",1,1942,"no_rep",67
"SE",1,1946,"no_rep",67
"SE",1,1948,"no_rep",2
"SE",1,1950,"no_rep",67
"SE",1,1956,"no_rep",67
"SE",1,1974,"no_rep",67
"SE",1,1978,"no_rep",67
"SE",1,2014,"no_dem",67
"SE",4,1940,"neither_major_party",4
"SE",4,1944,"neither_major_party",3
"SE",4,2000,"no_dem",15
"SE",5,1918,"no_rep",75
"SE",5,1926,"no_rep",2
"SE",5,1930,"no_rep",75
"SE",5,1937,"no_rep",75
"SE",5,1942,"no_rep",75
"SE",5,1948,"no_rep",75
"SE",5,1950,"no_rep",75
"SE",5,1954,"no_rep",75
"SE",5,1990,"no_rep",68
"SE",5,2008,"no_rep",75
"SE",5,2020,"no_dem",75
"SE",6,1928,"no_dem",1
"SE",6,1940,"no_dem",58
"SE",6,2016,"no_rep",58
"SE",6,2018,"no_rep",58
"SE",10,2018,"neither_major_party",1
"SE",11,2018,"no_rep",1
"SE",12,1914,"no_rep",49
"SE",12,1922,"no_rep",61
"SE",12,1932,"neither_major_party",35
"SE",12,1932,"no_rep",32
"SE",12,1934,"neither_major_party",31
"SE",12,1934,"no_rep",36
"SE",12,1940,"neither_major_party",37
"SE",12,1940,"no_rep",30
"SE",12,1952,"no_rep",67
"SE",12,1956,"no_rep",67
"SE",13,1914,"no_rep",148
"SE",13,1922,"no_rep",157
"SE",13,1926,"neither_major_party",73
"SE",13,1926,"no_rep",88
"SE",13,1930,"no_rep",159
"SE",13,1932,"no_rep",5
"SE",13,1936,"no_rep",159
"SE",13,1938,"no_rep",159
"SE",13,1942,"no_rep",153
"SE",13,1944,"no_rep",159
"SE",13,1948,"no_rep",146
"SE",13,1950,"no_rep",159
"SE",13,1954,"no_rep",159
"SE",13,1956,"no_rep",159
"SE",13,1960,"no_rep",159
"SE",13,1962,"no_rep",159
"SE",13,1966,"no_rep",159
"SE",13,1972,"no_rep",1
"SE",13,1990,"no_rep",159
"SE",15,1962,"neither_major_party",1
"SE",15,1964,"neither_major_party",2
"SE",15,1968,"neither_major_party",1
"SE",15,1968,"no_rep",3
"SE",15,1974,"no_rep",4
"SE",16,1914,"neither_major_party",7
"SE",16,1914,"no_dem",10
"SE",16,1914,"no_rep",10
"SE",16,2004,"no_dem",44
"SE",18,2006,"no_dem",92
"SE",20,2002,"no_dem",105
"SE",20,2014,"no_dem",105
"SE",22,1918,"no_rep",64
"SE",22,1924,"no_rep",64
"SE",22,1926,"no_rep",63
"SE",22,1930,"no_rep",64
"SE",22,1932,"no_rep",64
"SE",22,1936,"no_rep",64
"SE",22,1938,"no_rep",64
"SE",22,1942,"no_rep",63
"SE",22,1944,"no_rep",64
"SE",22,1948,"no_rep",64
"SE",22,1950,"no_rep",1
"SE",22,1954,"no_rep",64
"SE",22,1956,"no_rep",64
"SE",22,1966,"no_rep",64
"SE",22,1968,"no_rep",64
"SE",22,1974,"no_rep",64
"SE",22,1978,"no_rep",64
"SE",22,1980,"no_rep",64
"SE",23,1952,"no_dem",7
"SE",25,2002,"no_rep",14
"SE",27,1918,"no_dem",86
"SE",27,1928,"no_dem",87
"SE",27,1936,"no_dem",87
"SE",28,1916,"no_rep",80
"SE",28,1918,"no_rep",81
"SE",28,1922,"no_rep",7
"SE",28,1924,"no_rep",82
"SE",28,1928,"no_rep",81
"SE",28,1930,"no_rep",82
"SE",28,1934,"no_rep",82
"SE",28,1936,"no_rep",82
"SE",28,1940,"neither_major_party",45
"SE",28,1940,"no_rep",37
"SE",28,1941,"no_rep",82
"SE",28,1942,"neither_major_party",46
"SE",28,1942,"no_rep",36
"SE",28,1946,"no_rep",82
"SE",28,1947,"neither_major_party",82
"SE",28,1948,"no_rep",82
"SE",28,1952,"no_rep",82
"SE",28,1954,"no_rep",1
"SE",28,1958,"no_rep",82
"SE",28,1964,"neither_major_party",46
"SE",28,1964,"no_rep",36
"SE",28,1970,"no_rep",82
"SE",28,1976,"no_rep",82
"SE",28,1990,"no_dem",81
"SE",28,2002,"no_dem",82
"SE",35,1940,"neither_major_party",9
"SE",35,1942,"neither_major_party",4
"SE",35,1946,"neither_major_party",6
"SE",35,1948,"neither_major_party",5
"SE",35,1952,"neither_major_party",10
"SE",35,1954,"neither_major_party",7
"SE",35,1958,"neither_major_party",10
"SE",37,1938,"neither_major_party",32
"SE",37,1944,"neither_major_party",28
"SE",38,1926,"no_dem",1
"SE",39,1938,"neither_major_party",20
"SE",39,1940,"neither_major_party",17
"SE",45,1914,"no_rep",44
"SE",45,1918,"no_rep",45
"SE",45,1920,"no_rep",46
"SE",45,1924,"no_rep",44
"SE",45,1926,"no_rep",43
"SE",45,1930,"no_rep",45
"SE",45,1936,"no_rep",7
"SE",45,1938,"no_rep",18
"SE",45,1942,"no_rep",46
"SE",45,1944,"no_rep",11
"SE",45,1948,"no_rep",3
"SE",45,1950,"no_rep",46
"SE",45,1960,"no_rep",46
"SE",46,1930,"no_rep",1
"SE",46,1932,"no_rep",1
"SE",46,2010,"no_dem",66
"SE",48,1916,"no_rep",5
"SE",48,1918,"no_rep",18
"SE",48,1924,"no_rep",7
"SE",48,1930,"no_rep",2
"SE",48,1934,"no_rep",10
"SE",48,1936,"no_rep",2
"SE",48,1940,"no_rep",2
"SE",48,1941,"neither_major_party",126
"SE",48,1942,"no_rep",6
"SE",48,1948,"no_rep",1
"SE",48,1952,"no_rep",5
"SE",49,1914,"no_dem",27
"SE",49,2022,"no_dem",29
"SE",50,1914,"no_dem",14
"SE",50,1916,"no_rep",5
"SE",50,1926,"neither_major_party",5
"SE",50,2018,"no_dem",14
"SE",50,2024,"no_dem",14
"SE",51,1916,"no_rep",122
"SE",51,1918,"no_rep",122
"SE",51,1924,"no_rep",1
"SE",51,1928,"no_rep",122
"SE",51,1930,"no_rep",123
"SE",51,1940,"no_rep",124
"SE",51,1942,"no_rep",123
"SE",51,1952,"no_rep",126
"SE",51,1954,"no_rep",129
"SE",51,1958,"no_rep",129
"SE",51,1960,"no_rep",130
"SE",51,1976,"no_rep",136
"SE",51,1990,"no_dem",136
"SE",51,2002,"no_dem",134
"SE",53,2016,"neither_major_party",1
"SE",54,1976,"no_rep",55
"SE",55,1922,"no_dem",71
"SE",55,1925,"no_dem",71
"SE",55,1928,"no_dem",71
