state,cd,year,total_vote,rep_vote,rep_candidate,dem_vote,dem_candidate,other_vote,plurality_vote,plurality_party,source_volume,confidence
ALABAMA,1,2014,152234.0,103758.0,"BYRNE, BRADLEY*                                 LEFLORE, BURTON R.",55480.0,,,55480.0,R,31,low
ALABAMA,1,2012,200676.0,196374.0,"BONNER, JOSIAH ROBBINS JO JR.*",196374.0,,,196374.0,R,31,low
ALABAMA,2,2014,167952.0,113103.0,"ROBY, MARTHA*",54692.0,"WRIGHT, ERICK",,58411.0,R,31,low
ALABAMA,2,2012,283953.0,180591.0,"ROBY, MARTHA*",103092.0,"FORD, THERESE",,77499.0,R,31,low
ALABAMA,3,2014,156620.0,103558.0,"ROGERS, MIKE*",52816.0,"SMITH, JESSE TREMAIN",,50742.0,R,31,low
ALABAMA,3,2012,273930.0,175306.0,"ROGERS, MIKE*",98141.0,"HARRIS, JOHN ANDREW",,77165.0,R,31,low
ALABAMA,4,2014,134752.0,132831.0,"ADERHOLT, ROBERT B.*",132831.0,,,132831.0,R,31,low
ALABAMA,4,2012,269118.0,199071.0,NOS  Nh,69706.0,"ADERHOLT, ROBERT B.*",,129365.0,R,31,low
ALABAMA,5,2014,154974.0,115338.0,"BROOKS, MO*",115338.0,,,115338.0,R,31,low
ALABAMA,5,2012,291293.0,189185.0,"BROOKS, MO*",101772.0,"HOLLEY, CHARLIE L.",,87413.0,R,31,low
ALABAMA,6,2014,178449.0,135945.0,"PALMER, GARY J.",42291.0,"LESTER, MARK",,93654.0,R,31,low
ALABAMA,6,2012,308102.0,219262.0,"BACHUS, SPENCER*",88267.0,"BAILEY, PENNY COLONEL",,130995.0,R,31,low
ALABAMA,7,2014,135899.0,133687.0,"SEWELL, TERRI A.*",133687.0,,,133687.0,D,31,low
ALABAMA,7,2012,306558.0,73835.0,SR,232520.0,"CHAMBERLAIN, DON",,158685.0,D,31,low
ARKANSAS,1,2014,2014.0,196256.0,"CRAWFORD, Eric A. RICK""*",124139.0,"MCPHERSON, JACKIE",,60584.0,R,31,low
ARKANSAS,1,2012,2012.0,246843.0,"CRAWFORD, Eric A. RICK""*",138800.0,"ELLINGTON, SCOTT",,42199.0,R,31,low
ARKANSAS,2,2014,2014.0,237330.0,"HILL, J. FRENCH",123073.0,".   HAYS, PATRICK",,19596.0,R,31,low
ARKANSAS,2,2012,2012.0,286598.0,"GRIFFIN, TIM*",158175.0,"RULE, HERB",,45019.0,R,31,low
ARKANSAS,3,2014,2014.0,190935.0,"WOMACK, STEVE*",151630.0,,,151630.0,R,31,low
ARKANSAS,3,2012,2012.0,245660.0,"WOMACK, STEVE*",186467.0,,,186467.0,R,31,low
ARKANSAS,4,2014,2014.0,206131.0,"WESTERMAN, BRUCE",110789.0,"WITT, JAMES LEE",,23047.0,R,31,low
ARKANSAS,4,2012,2012.0,258953.0,"COTTON, TOM",154149.0,"JEFFRESS, GENE",,59136.0,R,31,low
ARKANSAS,5,2014,130752.0,73.0,"Governor                    Hutchinson, Asa",129437.0,".             Ross, Mike",,,,31,low
ARKANSAS,5,2012,48473.0,27.0,"Coleman, Curtis",23906.0,".             Bryant, Lynette Doc",,,,31,low
CALIFORNIA,1,2014,217524.0,54400.0,"MENSING, DALE",163124.0,"HUFFMAN, JARED*",,,,31,low
CALIFORNIA,1,2012,317526.0,91310.0,"ROBERTS, DANIEL W.",226216.0,"HUFFMAN, JARED",,,,31,low
CALIFORNIA,2,2014,150260.0,71036.0,"LOGUE, DAN",79224.0,"GARAMENDI, JOHN*",,,,31,low
CALIFORNIA,2,2012,233968.0,107086.0,"VANN, KIM",126882.0,"GARAMENDI, JOHN*",,,,31,low
CALIFORNIA,3,2014,211134.0,126784.0,"MCCLINTOCK, TOM*",84350.0,,,,,31,low
CALIFORNIA,3,2012,323688.0,197803.0,"MCCLINTOCK, TOM*",125885.0,"UPPAL, JACK",,,,31,low
CALIFORNIA,4,2014,171148.0,129613.0,"THOMPSON, MIKE*",41535.0,,,,,31,low
CALIFORNIA,4,2012,272417.0,69545.0,"LOFTIN, RANDY",202872.0,"THOMPSON, MIKE*",,,,31,low
CALIFORNIA,5,2014,133456.0,36448.0,"MCCRAY, JOSEPH SR.",97008.0,"MATSUI, DORIS O.*",,,,31,low
CALIFORNIA,5,2012,214073.0,53406.0,"MCCRAY, JOSEPH SR.",160667.0,"MATSUI, DORIS O.*",,,,31,low
CALIFORNIA,6,2014,183587.0,91066.0,"OSE, DOUG",92521.0,"BERA, AMI*",,,,31,low
CALIFORNIA,6,2012,273291.0,132050.0,"LUNGREN, DAN*",14124.0,"BERA, AMI",,,,31,low
CALIFORNIA,7,2014,114536.0,77480.0,"COOK, PAUL*",37056.0,"CONAWAY, ROBERT DEAN BOB",,,,31,low
CALIFORNIA,7,2012,179644.0,103093.0,"COOK, PAUL",76551.0,,,,,31,low
CALIFORNIA,8,2014,121204.0,57729.0,"AMADOR, ANTONIO C. TONY",63475.0,"MCNERNEY, JERRY*",,,,31,low
CALIFORNIA,8,2012,213077.0,94704.0,"GILL, RICKY",118373.0,"MCNERNEY, JERRY*",,,,31,low
CALIFORNIA,9,2014,125705.0,70582.0,"DENHAM, EFF*",55123.0,"EGGMAN, MICHAEL",,,,31,low
CALIFORNIA,9,2012,209199.0,110265.0,oo,98934.0,"DENHAM, JEFF*",,,,31,low
CALIFORNIA,10,2014,174662.0,57160.0,"PHANQUANG, TUE",117502.0,"DESAULNIER, MARK",,,,31,low
CALIFORNIA,10,2012,287879.0,87136.0,"FULLER, VIRGINIA",200743.0,"MILLER, GEORGE*",,,,31,low
CALIFORNIA,11,2014,192264.0,32197.0,"DENNIS, JOHN",160067.0,"PELOSI, NANCY*",,,,31,low
CALIFORNIA,11,2012,298187.0,44.0,hm,478.0,"DENNIS, JOHN",,,,31,low
CALIFORNIA,12,2014,190431.0,21940.0,"SUNDEEN, DAKIN",168491.0,"LEE, BARBARA*",,,,31,low
CALIFORNIA,12,2012,288582.0,250436.0,WW,38146.0,"LEE, BARBARA*",,,,31,low
CALIFORNIA,13,2014,149146.0,34757.0,"CHEW, ROBIN",114389.0,"SPEIER, JACKIE*",,,,31,low
CALIFORNIA,13,2012,258283.0,54455.0,Pe,203828.0,"BACIGALUPI, DEBORAH DEBBIE",,,,31,low
CALIFORNIA,14,2014,142906.0,43150.0,"BUSSELL, HUGH",99756.0,"SWALWELL, ERIC*",,,,31,low
CALIFORNIA,14,2012,231034.0,120388.0,aann,110646.0,"SWALWELL, ERIC",,,,31,low
CALIFORNIA,15,2014,91220.0,44943.0,"TACHERRA, JOHNNY M.",46277.0,"COSTA, JIM*",,,,31,low
CALIFORNIA,15,2012,147450.0,62801.0,NOW,84649.0,"WHELAN, BRIAN DANIEL",,,,31,low
CALIFORNIA,16,2014,134408.0,69561.0,"HONDA, MICHAEL M.*",64847.0,,,,,31,low
CALIFORNIA,16,2012,216728.0,57336.0,NN,159392.0,"LI, EVELYN",,,,31,low
CALIFORNIA,17,2014,196386.0,63326.0,"FOX, RICHARD B.",133060.0,"ESHOO, ANNA G.*",,,,31,low
CALIFORNIA,17,2012,301934.0,89103.0,CO,212831.0,"CHAPMAN, DAVE",,,,31,low
CALIFORNIA,18,2014,127788.0,85888.0,"LOFGREN, ZOE*",41900.0,,,,,31,low
CALIFORNIA,18,2012,221613.0,59313.0,"MURRAY, ROBERT",162300.0,"LOFGREN, ZOE*",,,,31,low
CALIFORNIA,19,2014,141044.0,106034.0,"FARR, SAM*",35010.0,,,,,31,low
CALIFORNIA,19,2012,233562.0,60566.0,Roh,172996.0,"TAYLOR, JEFF",,,,31,low
CALIFORNIA,20,2014,79377.0,45907.0,"VALADAO, DAVID G.*",33470.0,"RENTERIA, AMANDA",,,,31,low
CALIFORNIA,20,2012,116283.0,67164.0,RO,49119.0,"VALADAO, DAVID G.",,,,31,low
CALIFORNIA,21,2014,133342.0,96053.0,"NUNES, DEVIN*",37289.0,"AGUILERAMARRERO, SUZANNA SAM",,,,31,low
CALIFORNIA,21,2012,213941.0,132386.0,Lea,81555.0,"NUNES, DEVIN*",,,,31,low
CALIFORNIA,22,2014,134043.0,100317.0,"MCCARTHY, KEVIN*",33726.0,"GARCIA, RAUL",,,,31,low
CALIFORNIA,22,2012,216003.0,158161.0,RO,57842.0,"MCCARTHY, KEVIN*",,,,31,low
CALIFORNIA,23,2014,198794.0,95566.0,"MITCHUM, CHRIS",103228.0,"CAPPS, LOIS*",,,,31,low
CALIFORNIA,23,2012,284495.0,127746.0,ho,156749.0,"MALDONADO, ABEL",,,,31,low
CALIFORNIA,24,2014,114072.0,60847.0,"KNIGHT, STEPHEN",53225.0,,,,,31,low
CALIFORNIA,24,2012,236575.0,129593.0,Rh,106982.0,"MCKEON, HOWARD P. BUCK*",,,,31,low
CALIFORNIA,25,2014,169829.0,82653.0,"GORELL, JEFF",87176.0,"BROWNLEY, JULIA*",,,,31,low
CALIFORNIA,25,2012,263935.0,124863.0,oso,139072.0,"STRICKLAND, TONY",,,,31,low
CALIFORNIA,26,2014,127580.0,51852.0,"ORSWELL, JACK",75728.0,"CHU, JUDY*",,,,31,low
CALIFORNIA,26,2012,241008.0,86817.0,ROR,154191.0,"ORSWELL, JACK",,,,31,low
CALIFORNIA,27,2014,120264.0,91996.0,"SCHIFF, ADAM B,*",28268.0,,,,,31,low
CALIFORNIA,27,2012,246711.0,58008.0,re,188703.0,"JENNERJAHN, PHIL",,,,31,low
CALIFORNIA,28,2014,19.0,2014.0,"LEADER, WILLIAM OCALLAGHAN",67141.0,"CARDENAS, TONY*",,,,31,low
CALIFORNIA,28,2012,29.0,2012.0,"CARDENAS, TONY",150281.0,,,,,31,low
CALIFORNIA,29,2014,30.0,2014.0,"REED, MARK",131883.0,"SHERMAN, BRAD*",,,,31,low
CALIFORNIA,29,2012,30.0,2012.0,"SHERMAN, BRAD*",247851.0,,,,,31,low
CALIFORNIA,30,2014,31.0,2014.0,"CHABOT, PAUL",99784.0,"AGUILAR, PETE",,,,31,low
CALIFORNIA,30,2012,31.0,2012.0,"MILLER, GARY G.*",161219.0,,,,,31,low
CALIFORNIA,31,2014,32.0,2014.0,"ALAS, ARTURO ENRIQUE",84406.0,"NAPOLITANO, GRACE F.*",,,,31,low
CALIFORNIA,31,2012,32.0,2012.0,"MILLER, DAVID L.",190111.0,"NAPOLITANO, GRACE F.*",,,,31,low
CALIFORNIA,32,2014,33.0,2014.0,"CARR, ELAN S.",183031.0,"LIEU, TED",,,,31,low
CALIFORNIA,32,2012,33.0,2012.0,"WAXMAN, HENRY A.*",318520.0,,,,,31,low
CALIFORNIA,33,2014,34.0,2014.0,"BECERRA, XAVIER*",61621.0,,,,,31,low
CALIFORNIA,33,2012,34.0,2012.0,"SMITH, STEPHEN",140590.0,"BECERRA, XAVIER*",,,,31,low
CALIFORNIA,34,2014,35.0,2014.0,"TORRES, NORMA J.",62475.0,,,,,31,low
CALIFORNIA,34,2012,35.0,2012.0,"MCLEOD, GLORIA NEGRETE",142680.0,,,,,31,low
CALIFORNIA,35,2014,36.0,2014.0,"NESTANDE, BRIAN",134139.0,"RUIZ, RAUL*",,,,31,low
CALIFORNIA,35,2012,36.0,2012.0,"BONO MACK, MARY*",208142.0,"RUIZ, RAUL",,,,31,low
CALIFORNIA,36,2014,37.0,2014.0,"KING, R. ADAM",114838.0,"BASS, KAREN*",,,,31,low
CALIFORNIA,36,2012,37.0,2012.0,"OSBORNE, MORGAN",239580.0,"BASS, KAREN*",,,,31,low
CALIFORNIA,37,2014,38.0,2014.0,"CAMPOS, BENJAMIN",98480.0,"SANCHEZ, LINDA T.*",,,,31,low
CALIFORNIA,37,2012,38.0,2012.0,"CAMPOS, BENJAMIN",215087.0,"SANCHEZ, LINDA T.*",,,,31,low
CALIFORNIA,38,2014,39.0,2014.0,"ROYCE, EDWARD R.*",133225.0,"ANDERSON, PETER",,,,31,low
CALIFORNIA,38,2012,39.0,2012.0,"ROYCE, EDWARD R.*",251967.0,"CHEN, JAY",,,,31,low
CALIFORNIA,39,2014,40.0,2014.0,"ROYBALALLARD, LUCILLE*",49379.0,,,,,31,low
CALIFORNIA,39,2012,40.0,2012.0,"ROYBALALLARD, LUCILLE*",125553.0,,,,,31,low
CALIFORNIA,40,2014,2014.0,82884.0,"ADAMS, STEVE",35936.0,"TAKANO, MARK*",,,,31,low
CALIFORNIA,40,2012,2012.0,175652.0,"TAVAGLIONE, JOHN",72074.0,"TAKANO, MARK",,,,31,low
CALIFORNIA,41,2014,42.0,2014.0,"CALVERT, KEN*",113390.0,"SHERIDAN, TIM",,,,31,low
CALIFORNIA,41,2012,42.0,2012.0,"CALVERT, KEN*",214947.0,"WILLIAMSON, MICHAEL",,,,31,low
CALIFORNIA,42,2014,43.0,2014.0,"WOOD JR, JOHN",98202.0,"WATERS, MAXINE*",,,,31,low
CALIFORNIA,42,2012,43.0,2012.0,"WATERS, MAXINE*",200894.0,,,,,31,low
CALIFORNIA,43,2014,44.0,2014.0,"HAHN, JANICE*",68862.0,,,,,31,low
CALIFORNIA,43,2012,44.0,2012.0,"HAHN, JANICE",165898.0,,,,,31,low
CALIFORNIA,44,2014,45.0,2014.0,"WALTERS, MIMI",162902.0,"LEAVENS, DREW",,,,31,low
CALIFORNIA,44,2012,45.0,2012.0,"CAMPBELL, JOHN*",293231.0,"KANG, SUKHEE",,,,31,low
CALIFORNIA,45,2014,46.0,2014.0,"NICK, ADAM",83315.0,"SANCHEZ, LORETTA*",,,,31,low
CALIFORNIA,45,2012,46.0,2012.0,"HAYDEN, JERRY",149815.0,"SANCHEZ, LORETTA*",,,,31,low
CALIFORNIA,46,2014,47.0,2014.0,"WHALLON, ANDY",123400.0,"LOWENTHAL, ALAN S.*",,,,31,low
CALIFORNIA,46,2012,47.0,2012.0,"DELONG, GARY",230012.0,"LOWENTHAL, ALAN S.",,,,31,low
CALIFORNIA,47,2014,48.0,2014.0,"ROHRABACHER, DANA*",174795.0,"SAVARY, SUE",,,,31,low
CALIFORNIA,47,2012,48.0,2012.0,"ROHRABACHER, DANA*",290502.0,"VARASTEH, RON",,,,31,low
CALIFORNIA,48,2014,49.0,2014.0,"ISSA, DARRELL E.*",163142.0,"PEISER, DAVE",,,,31,low
CALIFORNIA,48,2012,49.0,2012.0,"ISSA, DARRELL E.*",274618.0,"TETALMAN, JERRY",,,,31,low
CALIFORNIA,49,2014,50.0,2014.0,"HUNTER, DUNCAN D.*",157299.0,"KIMBER, JAMES H.",,,,31,low
CALIFORNIA,49,2012,50.0,2012.0,"HUNTER, DUNCAN D.*",258293.0,"SECOR, DAVID B.",,,,31,low
CALIFORNIA,50,2014,51.0,2014.0,"MEADE, STEPHEN",81950.0,"VARGAS, JUAN*",,,,31,low
CALIFORNIA,50,2012,51.0,2012.0,"CRIMMINS, MICHAEL",159398.0,"VARGAS, JUAN",,,,31,low
CALIFORNIA,51,2014,52.0,2014.0,"DEMAIO, CARL",191572.0,"PETERS, SCOTT H.*",,,,31,low
CALIFORNIA,51,2012,52.0,2012.0,"BILBRAY, BRIAN P.*",295910.0,"PETERS, SCOTT H.",,,,31,low
CALIFORNIA,52,2014,53.0,2014.0,"* WILSKE, LARRY",148044.0,"DAVIS, SUSAN A.*",,,,31,low
CALIFORNIA,52,2012,53.0,2012.0,"POPADITCH, NICK",268307.0,"DAVIS, SUSAN A.*",,,,31,low
COLORADO,1,2014,2014.0,278494.0,"WALSH, MARTIN H.",80682.0,"DEGETTE, DIANA*",,102599.0,D,31,low
COLORADO,1,2012,2012.0,348.0,".     STROUD, DANNY",228.0,"DEGETTE, DIANA*",,144362.0,D,31,low
COLORADO,2,2014,2014.0,345945.0,"LEING, GEORGE",149645.0,"POLIS, JARED*",,46655.0,D,31,low
COLORADO,2,2012,2012.0,421580.0,"LUNDBERG, KEVIN",162639.0,"POLIS, JARED*",,72119.0,D,31,low
COLORADO,3,2014,2014.0,281141.0,"TIPTON, SCOTT R.*",163011.0,"TAPIA, ABEL",,62647.0,R,31,low
COLORADO,3,2012,2012.0,347574.0,"TIPTON, SCOTT R.*",185291.0,"PACE, SAL",,42371.0,R,31,low
COLORADO,4,2014,2014.0,286507.0,"BUCK, KEN",185292.0,"MEYERS, VIC",,101565.0,R,31,low
COLORADO,4,2012,2012.0,342336.0,"GARDNER, CORY*",200006.0,"SHAFFER, BRANDON",,74206.0,R,31,low
COLORADO,5,2014,2014.0,262855.0,"LAMBORN, DOUG*",157182.0,"HALTER JR., IRVING LESLIE IRV",,51509.0,R,31,low
COLORADO,5,2012,2012.0,307237.0,"LAMBORN, DOUG*",199639.0,,,199639.0,R,31,low
COLORADO,6,2014,2014.0,276440.0,"COFFMAN, MIKE*",143467.0,"ROMANOFF, ANDREW",,24620.0,R,31,low
COLORADO,6,2012,2012.0,342914.0,"COFFMAN, MIKE*",163938.0,"MIKLOSI, JOE",,7001.0,R,31,low
COLORADO,7,2014,2014.0,269143.0,"YTTERBERG, DON",120918.0,"PERLMUTTER, ED*",,27307.0,D,31,low
COLORADO,7,2012,2012.0,340970.0,"COORS, JOE",139066.0,"PERLMUTTER, ED*",,43394.0,D,31,low
FLORIDA,1,2014,14.0,235343.0,eee,165086.0,"MILLER, JEFF*",,110110.0,R,31,low
FLORIDA,1,2012,1.0,342594.0,AOI,238440.0,"MILLER, JEFF*",,145479.0,R,31,low
FLORIDA,2,2014,2014.0,249780.0,"SOUTHERLAND, STEVE*",123262.0,"GRAHAM, GWEN",,2834.0,D,31,low
FLORIDA,2,2012,22012.0,333718.0,"SOUTHERLAND, STEVE*",175856.0,"LAWSON, AL",,18222.0,R,31,low
FLORIDA,3,2014,2014.0,228809.0,"YOHO, TED S.*",148691.0,"WHEELER, MARIHELEN HADDOCK",,74781.0,R,31,low
FLORIDA,3,2012,2012.0,315669.0,Bee,204331.0,"YOHO, TED S.",,101863.0,R,31,low
FLORIDA,4,2014,2014.0,227253.0,"CRENSHAW, ANDER*",177887.0,,,177887.0,R,31,low
FLORIDA,4,2012,2012.0,315470.0,"CRENSHAW, ANDER*",239988.0,,,239988.0,R,31,low
FLORIDA,5,2014,2014.0,112340.0,See,53103.0,"WAVE          SSA      SCURRYSMITH, GLOREATHA GLO",,53103.0,D,31,low
FLORIDA,5,2012,269153.0,70700.0,. ANP,190472.0,"KOLB, LEANNE",,119772.0,D,31,low
FLORIDA,6,2014,2014.0,265817.0,"DESANTIS, RON*",166254.0,"COX, DAVID",,66691.0,R,31,low
FLORIDA,6,2012,2012.0,342451.0,"DESANTIS, RON",195962.0,"BEAVEN, HEATHER",,,,31,low
FLORIDA,7,2014,14.0,227164.0,eZ,144474.0,"MICA, JOHN L.*",,71463.0,R,31,low
FLORIDA,7,2012,2012.0,316010.0,"MICA, JOHN L.*",185518.0,"KENDALL, JASON H.",,55039.0,R,31,low
FLORIDA,8,2014,2014.0,274513.0,"POSEY, BILL*",180728.0,"ROTHBLATT, GABRIEL",,87004.0,R,31,low
FLORIDA,8,2012,2012.0,348909.0,"POSEY, BILL*",205432.0,"ROBERTS, SHANNON",,74562.0,R,31,low
FLORIDA,9,2014,2014.0,173878.0,"PLATT, CAROL",74963.0,"GRAYSON, ALAN*",,18887.0,D,31,low
FLORIDA,9,2012,20.0,263747.0,Omer,98856.0,"LONG, TODD",,66035.0,D,31,low
FLORIDA,10,2014,10.0,2014.0,"WEBSTER, DANIEL*",232574.0,"MCKENNA, MICHAEL PATRICK",,53702.0,R,31,low
FLORIDA,10,2012,10.0,2012.0,"WEBSTER, DANIEL*",318269.0,"DEMINGS, VAL B.",,11075.0,R,31,low
FLORIDA,11,2014,11.0,2014.0,"NUGENT, RICHARD B.*",272294.0,"KOLLER, DAVID C.",,90722.0,R,31,low
FLORIDA,11,2012,2012.0,338663.0,ee,218360.0,"NUGENT, RICHARD B.*",,98057.0,R,31,low
FLORIDA,12,2014,12.0,2012.0,"BILIRAKIS, GUS M.*",330167.0,"SNOW, JONATHAN MICHAEL",,100834.0,R,31,low
FLORIDA,12,2012,13.0,2014.0,"JOLLY, DAVID W.*",223576.0,,,168172.0,R,31,low
FLORIDA,13,2014,2012.0,329347.0,Bae,189605.0,"YOUNG, C.W. BILL*",,49863.0,R,31,low
FLORIDA,13,2012,14.0,2012.0,"OTERO, EVELIO E",280601.0,"CASTOR, KATHY*",,113641.0,D,31,low
FLORIDA,14,2014,15.0,2014.0,"ROSS, DENNIS A.*",213582.0,"COHN, ALAN MICHAEL",,43918.0,R,31,low
FLORIDA,14,2012,16.0,2014.0,"BUCHANAN, VERN*",274829.0,"LAWRENCE, HENRY",,63643.0,R,31,low
FLORIDA,15,2014,16.0,2012.0,"BUCHANAN, VERN*",349076.0,"FITZGERALD, KEITH",,25218.0,R,31,low
FLORIDA,15,2012,82263.0,59230.0,"BRONSON, WILLIAM",63.0,,,59230.0,R,31,low
FLORIDA,16,2014,116766.0,17.0,"BRONSON, WILLIAM",48722.0,,,48722.0,R,31,low
FLORIDA,16,2012,18.0,2014.0,"DOMINO, CARLJ.",253374.0,"MURPHY, PATRICK*",,49582.0,D,31,low
FLORIDA,17,2014,18.0,2012.0,"WEST, ALLEN*",330665.0,"MURPHY, PATRICK",,1904.0,D,31,low
FLORIDA,17,2012,19.0,2014.0,"CLAWSON, CURT*",246861.0,"FREEMAN, APRIL",,78530.0,R,31,low
FLORIDA,18,2014,19.0,2012.0,"RADEL, TREY",306216.0,"ROACH, JIM",,80087.0,R,31,low
FLORIDA,18,2012,20.0,2014.0,"BONNER, JAY",157466.0,"HASTINGS, ALCEE L.*",,,,31,low
FLORIDA,19,2014,20.0,2012.0,"HASTINGS, ALCEE L.*",244.0,,,214727.0,D,31,low
FLORIDA,19,2012,2014.0,153970.0,"DEUTCH, Theodore E.*",153395.0,,,153395.0,D,31,low
FLORIDA,20,2014,2012.0,284400.0,"DEUTCH, Theodore E.*",221263.0,,,221263.0,D,31,low
FLORIDA,20,2012,22.0,2014.0,"SPAIN, PAUL DOUGLAS",216096.0,"FRANKEL, LOIS*                              ii",,34719.0,D,31,low
FLORIDA,21,2014,22.0,2012.0,"HASNER, ADAM",313071.0,"FRANKEL, LOIS",,28971.0,D,31,low
FLORIDA,21,2012,23.0,2014.0,"KAUFMAN, JOSEPH JOE",164788.0,"WASSERMAN SCHULTZ, DEBBIE*",,41750.0,D,31,low
FLORIDA,22,2014,23.0,2012.0,"HARRINGTON, KAREN",275430.0,"WASSERMAN SCHULTZ, DEBBIE*",,76109.0,D,31,low
FLORIDA,22,2012,24.0,2014.0,"NEREE, DUFIRSTSON",149918.0,"WILSON, FREDERICA S.*",,113953.0,D,31,low
FLORIDA,23,2014,25.0,2012.0,"DIAZBALART, MARIO*",200229.0,,,151466.0,R,31,low
FLORIDA,23,2012,26.0,2014.0,"CURBELO, CARLOS",161337.0,"GARCIA, JOE*",,4725.0,R,31,low
FLORIDA,24,2014,26.0,2012.0,"RIVERA, DAVID*",252957.0,"GARCIA, JOE",,26874.0,D,31,low
FLORIDA,24,2012,27.0,2012.0,"ROSLEHTINEN, ILEANA*",230171.0,"YEVANCEY, MANNY",,53468.0,R,31,low
GEORGIA,1,2014,156512.0,95337.0,"CARTER, EARL L. BUDDY",61175.0,"REESE, BRIAN CORWIN",,34162.0,R,31,low
GEORGIA,1,2012,249580.0,157181.0,"KINGSTON, JACK*",92399.0,"MESSINGER, LESLI",,64782.0,R,31,low
GEORGIA,2,2014,162900.0,66537.0,"DUKE, GREG",96363.0,"BISHOP, SANFORD D. Jr.*",,29826.0,D,31,low
GEORGIA,2,2012,255161.0,92410.0,"HOUSE, JOHN",162751.0,"BISHOP, SANFORD D. Jr.*",,70341.0,D,31,low
GEORGIA,3,2014,156277.0,156277.0,"WESTMORELAND, LYNN A.*",156277.0,,,156277.0,R,31,low
GEORGIA,3,2012,232485.0,232380.0,NoOoaNo,105.0,"WESTMORELAND, LYNN A.*",,232380.0,R,31,low
GEORGIA,4,2014,161320.0,161211.0,"JOHNSON, HENRY C. HANK Jr.*",109.0,,,161211.0,D,31,low
GEORGIA,4,2012,283962.0,75041.0,"VAUGHN, J. CHRIS",208861.0,"JOHNSON, HENRY C. HANK Jr.*",,133820.0,D,31,low
GEORGIA,5,2014,170326.0,170326.0,"LEWIS, JOHN*",170326.0,,,170326.0,D,31,low
GEORGIA,5,2012,277689.0,43335.0,"STOPECK, HOWARD",234330.0,"LEWIS, JOHN*",,190995.0,D,31,low
GEORGIA,6,2014,2014.0,210504.0,"PRICE, TOM*",139018.0,"MONTIGEL, ROBERT",,67532.0,R,31,low
GEORGIA,6,2012,2012.0,294034.0,"PRICE, TOM*",189669.0,"KAZANOW, JEFF",,85304.0,R,31,low
GEORGIA,7,2014,2014.0,173669.0,"WOODALL, ROB*",113557.0,"WIGHT, THOMAS D.",,53445.0,R,31,low
GEORGIA,7,2012,2012.0,252066.0,"WOODALL, ROB*",156689.0,"REILLY, STEVE",,61312.0,R,31,low
GEORGIA,8,2014,2014.0,130057.0,"SCOTT, AUSTIN*",129938.0,,,129938.0,R,31,low
GEORGIA,8,2012,2012.0,197789.0,"SCOTT, AUSTIN*",197789.0,,,197789.0,R,31,low
GEORGIA,9,2014,2014.0,181047.0,"COLLINS, DOUG*",146059.0,"VOGEL, DAVID D.",,111071.0,R,31,low
GEORGIA,9,2012,201.0,2.0,Sete,192101.0,eeeezo,,132049.0,R,31,low
GEORGIA,10,2014,10.0,2014.0,"HICE, JODY B.",196480.0,"DIOUS, IVORY KENNETH KEN",,64926.0,R,31,low
GEORGIA,10,2012,10.0,2012.0,"BROUN, PAUL*",211466.0,,,211065.0,R,31,low
GEORGIA,11,2014,11.0,2014.0,"LOUDERMILK, BARRY",161532.0,,,161532.0,R,31,low
GEORGIA,11,2012,11.0,2012.0,"GINGREY, PHIL*",287351.0,"THOMPSON, PATRICK",,106615.0,R,31,low
GEORGIA,12,2014,12.0,2014.0,"ALLEN, RICK W.",166814.0,"BARROW, JOHN*",,15858.0,R,31,low
GEORGIA,12,2012,201280259121.0,119973.0,"ANDERSON, LEE",139148.0,"BARROW, JOHN*",,19175.0,D,31,low
GEORGIA,13,2014,13.0,2014.0,"SCOTT, DAVID*",159445.0,,,159445.0,D,31,low
GEORGIA,13,2012,2012.0,261538.0,By,79550.0,"MALIK, S.",,122438.0,D,31,low
GEORGIA,14,2014,14.0,2014.0,"GRAVES, TOM*",118782.0,,,118782.0,R,31,low
GEORGIA,14,2012,14.0,2012.0,"GRAVES, TOM*",219192.0,"GRANT, DANIEL DANNY",,100702.0,R,31,low
HAWAII,1,2014,2014.0,179844.0,"DJOU, CHARLES",86454.0,"TAKAI, MARK",,6936.0,D,31,low
HAWAII,1,2012,2012.0,2137329.0,"DJOU, CHARLES",96824.0,"HANABUSA, COLLEEN*",,19681.0,D,31,low
HAWAII,2,2014,2014.0,180333.0,"CROWLEY, KAWIKA",33630.0,"GABBARD, TULSI*",,108380.0,D,31,low
HAWAII,2,2012,2012.0,209210.0,"CROWLEY, KAWIKA",40707.0,".  GABBARD, TULSI",,127796.0,D,31,low
IDAHO,1,2014,2014.0,220864.0,"LABRADOR, RAUL R.*",143580.0,"RINGO, SHIRLEY G.",,66303.0,R,31,low
IDAHO,1,2012,2012.0,316724.0,"LABRADOR, RAUL R.*",199402.0,"FARRIS, JIMMY",,101952.0,R,31,low
IDAHO,2,2014,2014.0,214293.0,"SIMPSON, MICHAEL K.*",131492.0,"STALLINGS, RICHARD",,48691.0,R,31,low
IDAHO,2,2012,2012.0,318494.0,"SIMPSON, MICHAEL K.*",207412.0,"LEFAVOUR, NICOLE",,96565.0,R,31,low
ILLINOIS,1,2014,2014.0,222017.0,"TILLMAN, JIMMY LEE",59749.0,"RUSH, BOBBY L.*",,102519.0,D,31,low
ILLINOIS,1,2012,2012.0,320844.0,"PELOQUIN, DONALD E.",83989.0,"RUSH, BOBBY L.*",,152865.0,D,31,low
ILLINOIS,2,2014,2014.0,204266.0,"WALLACE, ERIC M.",43799.0,"KELLY, ROBIN L.*",,116538.0,D,31,low
ILLINOIS,2,2012,69115.0,188303.0,PE             AT ee,40294.0,"WOODWORTH, BRIAN",,119188.0,D,31,low
ILLINOIS,3,2014,2014.0,180855.0,"BRANNIGAN, SHARON M.",64091.0,"LIPINSKI, DANIEL*",,52673.0,D,31,low
ILLINOIS,3,2012,2012.0,246398.0,"GRABOWSKI, RICHARD",77653.0,"LIPINSKI, DANIEL*",,91085.0,D,31,low
ILLINOIS,4,2014,2014.0,101944.0,"CONCEPCION, HECTOR",22278.0,"GUTIERREZ, LUIS V.*",,57388.0,D,31,low
ILLINOIS,4,2012,2012.0,160509.0,"CONCEPCION, HECTOR",27279.0,"GUTIERREZ, LUIS V.*",,105947.0,D,31,low
ILLINOIS,5,2014,2014.0,184019.0,"KOLBER, VINCENTA. VINCE",56350.0,"QUIGLEY, MIKE*",,60014.0,D,31,low
ILLINOIS,5,2012,201122709377.0,77289.0,ieee,177729.0,"SCHMITT, DAN",,100440.0,D,31,low
ILLINOIS,6,2014,2014.0,238752.0,"ROSKAM, PETER J.*",160287.0,"MASON, MICHAEL",,81822.0,R,31,low
ILLINOIS,6,2012,2012.0,326129.0,"ROSKAM, PETER      .*",193138.0,"COOLIDGE, LESLIE",,60147.0,R,31,low
ILLINOIS,7,2014,2014.0,182278.0,"BUMPERS, ROBERT L.",27168.0,"DAVIS, DANNY K.*",,127942.0,D,31,low
ILLINOIS,7,2012,2012.0,286435.0,"ZAK, RITA",31466.0,"DAVIS, DANNY K.*",,210973.0,D,31,low
ILLINOIS,8,2014,2014.0,151056.0,"KAIFESH, LAWRENCE JOSEPH LARRY",66878.0,"DUCKWORTH, TAMMY*",,17300.0,D,31,low
ILLINOIS,8,2012,2012.0,225066.0,"WALSH, JOE*",101860.0,"DUCKWORTH, TAMMY",,21346.0,D,31,low
ILLINOIS,9,2014,2014.0,213450.0,"ATANUS, SUSANNE",72384.0,"SCHAKOWSKY, JANICE D.*",,68616.0,D,31,low
ILLINOIS,9,2012,20.0,293.0,eee,807.0,"WOLFE, TIMOTHY",,95945.0,D,31,low
ILLINOIS,10,2014,10.0,2014.0,"DOLD, ROBERT.",187128.0,"SCHNEIDER, BRAD*",,4856.0,R,31,low
ILLINOIS,10,2012,10.0,2012.0,"DOLD, ROBERT J.*",264454.0,"SCHNEIDER, BRAD",,3326.0,D,31,low
ILLINOIS,11,2014,201.0,474772.0,"SENGER, DARLENE",81335.0,"FOSTER, BILL*",,12101.0,D,31,low
ILLINOIS,11,2012,11.0,2012.0,"BIGGERT, JUDY*",254295.0,"FOSTER, BILL",,43580.0,D,31,low
ILLINOIS,12,2014,12.0,2014.0,"BOST, MIKE",209738.0,"ENYART, WILLIAM*",,22178.0,R,31,low
ILLINOIS,12,2012,12.0,2012.0,"PLUMMER, JASON",303949.0,"ENYART, WILLIAM",,27098.0,D,31,low
ILLINOIS,13,2014,13.0,2014.0,"DAVIS, RODNEY*",210272.0,"CALLIS, ANN E.",,36402.0,R,31,low
ILLINOIS,13,2012,13.0,2012.0,"DAVIS, RODNEY",294385.0,"GILL, DAVID M.",,1002.0,R,31,low
ILLINOIS,14,2014,14.0,2014.0,"HULTGREN, RANDY*",222230.0,"ANDERSON, DENNIS",,68508.0,R,31,low
ILLINOIS,14,2012,14.0,2012.0,"HULTGREN, RANDY*",301954.0,"ANDERSON, DENNIS",,53252.0,R,31,low
ILLINOIS,15,2014,15.0,2014.0,"SHIMKUS, JOHN*",221926.0,"THORSLAND, ERIC",,110622.0,R,31,low
ILLINOIS,15,2012,15.0,2012.0,"SHIMKUS, JOHN*",299937.0,"MICHAEL, ANGELA",,111613.0,R,31,low
ILLINOIS,16,2014,16.0,2014.0,"KINZINGER, ADAM*",217198.0,"OLSEN, RANDALL WAYNE",,89578.0,R,31,low
ILLINOIS,16,2012,16.0,2012.0,"KINZINGER, ADAM*",294090.0,"ROHL, WANDA",,69488.0,R,31,low
ILLINOIS,17,2014,17.0,2014.0,"SCHILLING, BOBBY",199361.0,"BUSTOS, CHERI*",,21775.0,D,31,low
ILLINOIS,17,2012,17.0,2012.0,"SCHILLING, BOBBY*",288161.0,"BUSTOS, CHERI",,18896.0,D,31,low
ILLINOIS,18,2014,18.0,2014.0,"SCHOCK, AARON*",246740.0,"MILLER, DARREL ERVIN",,121986.0,R,31,low
ILLINOIS,18,2012,18.0,2012.0,"SCHOCK, AARON*",329631.0,"WATERWORTH, STEVE",,159303.0,R,31,low
INDIANA,1,2014,142293.0,86579.0,"LEYVA, MARK J.",4714.0,"VISCLOSKY, PETER J.*",,35579.0,D,31,low
INDIANA,1,2012,279034.0,187743.0,"PHELPS, JOEL",96452.0,"VISCLOSKY, PETER J.*",,96452.0,D,31,low
INDIANA,2,2014,145200.0,85583.0,"WALORSKI, JACKIE*",55590.0,"BOCK, JOE",,29993.0,R,31,low
INDIANA,2,2012,273475.0,134033.0,"WALORSKI, JACKIE",130113.0,"MULLEN, BRENDAN",,3920.0,R,31,low
INDIANA,3,2014,148793.0,102889.0,"STUTZMAN, MARLIN A.*",39771.0,"KUHNLE, JUSTIN",,63118.0,R,31,low
INDIANA,3,2012,280235.0,187872.0,"STUTZMAN, MARLIN A.*",92363.0,"BOYD, KEVIN",,95509.0,R,31,low
INDIANA,4,2014,142054.0,94998.0,"ROKITA, TODD*",47056.0,"DALE, JOHN",,47942.0,R,31,low
INDIANA,4,2012,272268.0,168688.0,"ROKITA, TODD*",93015.0,"NELSON, TARA E.",,75673.0,R,31,low
INDIANA,5,2014,161440.0,105277.0,"BROOKS, SUSAN W.*",49756.0,"DENNEY, SHAWN A.",,55521.0,R,31,low
INDIANA,5,2012,333359.0,194570.0,"BROOKS, SUSAN W.",125347.0,"RESKE, SCOTT",,69223.0,R,31,low
INDIANA,6,2014,155071.0,102187.0,"MESSER, LUKE*",45509.0,"HEITZMAN, SUSAN HALL",,56678.0,R,31,low
INDIANA,6,2012,275253.0,162613.0,"MESSER, LUKE",96678.0,"BOOKOUT, BRAD",,65935.0,R,31,low
INDIANA,7,2014,112261.0,46887.0,"PING, CATHERINE CAT",61443.0,"CARSON, ANDRE*",,14556.0,D,31,low
INDIANA,7,2012,257950.0,95828.0,"MAY, CARLOS",162122.0,"CARSON, ANDRE*",,66294.0,D,31,low
INDIANA,8,2014,171315.0,103344.0,"BUCSHON, LARRY",61384.0,"SPANGLER, TOM",,41960.0,R,31,low
INDIANA,8,2012,283992.0,151533.0,"BUCSHON, LARRY*",122325.0,"CROOKS, DAVE",,29208.0,R,31,low
INDIANA,9,2014,162387.0,101594.0,"YOUNG, TODD C.*",55016.0,"BAILEY, BILL",,46578.0,R,31,low
INDIANA,9,2012,298180.0,165332.0,COTT,132848.0,"YOUNG, TODD C.*",,32484.0,R,31,low
IOWA,1,2014,2014.0,289306.0,"BLUM, ROD",147762.0,"MURPHY, PAT",,6617.0,R,31,low
IOWA,1,2012,2012.0,390849.0,"LANGE, BENJAMIN M.",162465.0,"BRALEY, BRUCE*",,59957.0,D,31,low
IOWA,2,2014,2014.0,273329.0,"MILLERMEEKS, MARIANNETTE",129455.0,"LOEBSACK, DAVID*",,13976.0,D,31,low
IOWA,2,2012,2012.0,381275.0,"ARCHER, JOHN",161977.0,"LOEBSACK, DAVID*",,49886.0,D,31,low
IOWA,3,2014,2014.0,282066.0,"YOUNG, DAVID",148814.0,"APPEL, STACI",,29705.0,R,31,low
IOWA,3,2012,2012.0,386842.0,"LATHAM, TOM*",202000.0,"BOSWELL, LEONARDL.",,33368.0,R,31,low
IOWA,4,2014,2014.0,275633.0,"KING, STEVE*",169834.0,"MOWRER, JIM",,64330.0,R,31,low
IOWA,4,2012,2012.0,377883.0,"KING, STEVE*",200063.0,"VILSACK, CHRISTIE",,30593.0,R,31,low
KANSAS,1,2014,2014.0,204161.0,"HUELSKAMP, TIM*",138764.0,"SHEROW, JAMES E.",,,,31,low
KANSAS,1,2012,2012.0,211337.0,"HUELSKAMP, TIM*",211337.0,,,,,31,low
KANSAS,2,2014,2014.0,225686.0,"JENKINS, LYNN*",128742.0,"WAKEFIELD, MARGIE",,,,31,low
KANSAS,2,2012,2012.0,293718.0,"JENKINS, LYNN*",167463.0,"SCHLINGENSIEPEN, TOBIAS",,,,31,low
KANSAS,3,2014,2014.0,224077.0,"YODER, KEVIN*",134493.0,"KULTALA, KELLY",,,,31,low
KANSAS,3,2012,2012.0,293762.0,"YODER, KEVIN*",201087.0,,,,,31,low
KANSAS,4,2014,2014.0,208153.0,"POMPEO, MIKE*",138757.0,"SCHUCKMAN, PERRY",,,,31,low
KANSAS,4,2012,62.0,31.0,,66.0,,,,,31,low
KENTUCKY,1,2014,2014.0,236618.0,"WHITFIELD, ED*",173022.0,"HATCHETT, CHARLES KENDALL",,109426.0,R,31,low
KENTUCKY,1,2012,2012.0,287155.0,"WHITFIELD, ED*",199956.0,"HATCHETT, CHARLES KENDALL",,112757.0,R,31,low
KENTUCKY,2,2014,2014.0,226834.0,"GUTHRIE, BRETT*",156936.0,"LEACH, RON",,87038.0,R,31,low
KENTUCKY,2,2012,2012.0,282267.0,"GUTHRIE, BRETT*",181508.0,"WILLIAMS, DAVID LYNN",,91967.0,R,31,low
KENTUCKY,3,2014,2014.0,247355.0,"MACFARLANE, MICHAEL",87981.0,"YARMUTH, JOHN A.*",,69075.0,D,31,low
KENTUCKY,3,2012,2012.0,322656.0,"WICKER, BROOKS",111452.0,"YARMUTH, JOHN A.*",,94933.0,D,31,low
KENTUCKY,4,2014,2014.0,222158.0,"MASSIE, THOMAS*",150464.0,"NEWBERRY, PETER",,78770.0,R,31,low
KENTUCKY,4,2012,2012.0,299444.0,"MASSIE, THOMAS*",186036.0,"ADKINS, WILLIAM R. BILL",,81302.0,R,31,low
KENTUCKY,5,2014,2014.0,218967.0,"ROGERS, HAROLD*",171350.0,"STEPP, KENNETH",,123733.0,R,31,low
KENTUCKY,5,2012,2012.0,250855.0,"ROGERS, HAROLD*",195408.0,"STEPP, KENNETH",,139961.0,R,31,low
KENTUCKY,6,2014,2014.0,245694.0,"BARR, ANDY*",147404.0,"JENSEN, ELISABETH",,49114.0,R,31,low
KENTUCKY,6,2012,2012.0,303000.0,"BARR, ANDY",153222.0,"CHANDLER, BEN*",,11784.0,R,31,low
LOUISIANA,1,2014,2014.0,244004.0,"SCALISE, STEVE*",189250.0,"MENDOZA,M.V.VINNY",,164489.0,R,31,low
LOUISIANA,1,2012,2012.0,290410.0,"SCALISE, STEVE*",193496.0,"MENDOZA,M.V.VINNY",,131793.0,R,31,low
LOUISIANA,2,2014,2014.0,221570.0,"RICHMOND, CEDRICL.*",152201.0,,,152201.0,D,31,low
LOUISIANA,2,2012,2012.0,287354.0,"BAILEY, DWAYNE",38801.0,"RICHMOND, CEDRICL.*",,119700.0,D,31,low
LOUISIANA,3,2014,2014.0,236268.0,"BOUSTANY, CHARLES W. JR.*",185867.0,,,,,31,low
LOUISIANA,3,2012,2012.0,311393.0,"BOUSTANY, CHARLES W. JR.",139123.0,"RICHARD, RON",,72053.0,R,31,low
LOUISIANA,4,2014,2014.0,207919.0,"FLEMING, JOHN*",152683.0,,,,,31,low
LOUISIANA,4,2012,2012.0,249531.0,"FLEMING, JOHN*",187894.0,,,,,31,low
LOUISIANA,5,2014,2014.0,209622.0,"ABRAHAM, RALPH LEE",134616.0,"MAYO, JAMIE",,59610.0,R,31,low
LOUISIANA,5,2012,2012.0,260216.0,"ALEXANDER, RODNEY*",202536.0,,,,,31,low
LOUISIANA,6,2014,2014.0,222990.0,"GRAVES, GARRET",139209.0,"EDWARDS, EDWIN W.",,55428.0,R,31,low
LOUISIANA,6,2012,2012.0,306713.0,"CASSIDY, BILL*",243553.0,,,,,31,low
MAINE,1,2014,2014.0,308898.0,"MISIUK, ISAAC J.",94751.0,"PINGREE, CHELLIE*",,91923.0,D,31,low
MAINE,1,2012,2012.0,364803.0,"COURTNEY, JONATHAN T. E.",128440.0,"PINGREE, CHELLIE*",,107923.0,D,31,low
MAINE,2,2014,2014.0,283448.0,"POLIQUIN, BRUCE",133308.0,"CAIN, EMILY ANN",,14752.0,R,31,low
MAINE,2,2012,2012.0,328998.0,"RAYE, KEVIN L.",137542.0,"MICHAUD, MICHAEL H.*",,53914.0,D,31,low
MARYLAND,1,2014,250418.0,176342.0,"HARRIS, ANDY*",73843.0,"TILGHMAN, BILL",,102499.0,R,31,low
MARYLAND,1,2012,337760.0,214204.0,"HARRIS, ANDY*",92812.0,"ROSEN, WENDY",,121392.0,R,31,low
MARYLAND,2,2014,196354.0,70411.0,"BANACH, DAVID",120412.0,"RUPPERSBERGER, C. A. DUTCH*",,50001.0,D,31,low
MARYLAND,2,2012,295940.0,92071.0,"JACOBS, NANCY C.",194088.0,"RUPPERSBERGER, C. A. DUTCH*",,102017.0,D,31,low
MARYLAND,3,2014,215946.0,87029.0,"LONG, CHARLES A.",128594.0,"SARBANES, JOHN P.*",,41565.0,D,31,low
MARYLAND,3,2012,319859.0,94549.0,"KNOWLES, ERIC DELANO",213747.0,"SARBANES, JOHN P.*",,119198.0,D,31,low
MARYLAND,4,2014,191837.0,54217.0,"HOYT, NANCY",134628.0,"EDWARDS, DONNA F.*",,80411.0,D,31,low
MARYLAND,4,2012,311512.0,64560.0,"LOUDON, FAITH M.",240385.0,"EDWARDS, DONNA F.*",,175825.0,D,31,low
MARYLAND,5,2014,226040.0,80752.0,hmoOpone,144725.0,"CHAFFEE, CHRIS",,63973.0,D,31,low
MARYLAND,5,2012,343820.0,95271.0,"O'DONNELL, TONY",238618.0,"HOYER, STENY H.*                        .",,143347.0,D,31,low
MARYLAND,6,2014,190536.0,91930.0,"BONGINO, DANIEL JOHN",94704.0,"DELANEY, JOHN K.*",,2774.0,D,31,low
MARYLAND,6,2012,309549.0,117313.0,"BARTLETT, ROSCOE G.*",181921.0,"DELANEY, JOHN K.",,64608.0,D,31,low
MARYLAND,7,2014,206809.0,55860.0,"VAUGHN, CORROGAN R.",144639.0,"CUMMINGS, ELIJAH E.*",,88779.0,D,31,low
MARYLAND,7,2012,323818.0,67405.0,"MIRABILE, FRANK C.",247770.0,"CUMMINGS, ELIJAH E.*",,180365.0,D,31,low
MARYLAND,8,2014,225097.0,87859.0,"WALLACE, DAVE",136722.0,"VAN HOLLEN, CHRIS*",,48863.0,D,31,low
MARYLAND,8,2012,343256.0,113033.0,SHR,217531.0,"TIMMERMAN, KENNETH R.",,104498.0,D,31,low
MASSACHUSETTS,1,2014,171110.0,167612.0,"NEAL, RICHARD E.*",167612.0,,,,,31,low
MASSACHUSETTS,1,2012,266133.0,261936.0,"NEAL, RICHARD E.*",261936.0,,,,,31,low
MASSACHUSETTS,2,2014,172745.0,169640.0,"MCGOVERN, JAMES P.*",169640.0,,,,,31,low
MASSACHUSETTS,2,2012,263335.0,259257.0,"MCGOVERN, JAMES P.*",259257.0,,,,,31,low
MASSACHUSETTS,3,2014,220946.0,81638.0,"WOFFORD, ROSEANN EHRHARD",139104.0,"TSONGAS, NIKI*",,,,31,low
MASSACHUSETTS,3,2012,321753.0,109372.0,"GOLNIK, JONATHAN A.",212119.0,"TSONGAS, NIKI*",,,,31,low
MASSACHUSETTS,4,2014,188098.0,184158.0,"KENNEDY, JOSEPH P. IIl*",184158.0,,,,,31,low
MASSACHUSETTS,4,2012,362245.0,129936.0,"BIELAT, SEAN",221303.0,"KENNEDY, JOSEPH P. III",,,,31,low
MASSACHUSETTS,5,2014,185260.0,182100.0,"CLARK, KATHERINE M.*",182100.0,,,,,31,low
MASSACHUSETTS,5,2012,341109.0,82944.0,NRoO Ro,257490.0,"TIERNEY, TOM",,,,31,low
MASSACHUSETTS,6,2014,272219.0,111989.0,"TISEI, RICHARD",149638.0,"MOULTON, SETH",,,,31,low
MASSACHUSETTS,6,2012,374807.0,176612.0,"TISEI, RICHARD",180942.0,"TIERNEY, JOHN F.*",,,,31,low
MASSACHUSETTS,7,2014,144546.0,142133.0,"CAPUANO, MICHAEL E.*",142133.0,,,,,31,low
MASSACHUSETTS,7,2012,252836.0,210794.0,"CAPUANO, MICHAEL E.*",210794.0,,,,,31,low
MASSACHUSETTS,8,2014,203351.0,200644.0,"LYNCH, STEPHEN F.*",200644.0,,,,,31,low
MASSACHUSETTS,8,2012,346811.0,82242.0,"SELVAGGI, JOE",263999.0,"LYNCH, STEPHEN F.*",,,,31,low
MASSACHUSETTS,9,2014,255541.0,114971.0,"CHAPMAN, JOHN C.",140413.0,"KEATING, WILLIAM R.*",,,,31,low
MASSACHUSETTS,9,2012,362405.0,116531.0,AN,212754.0,"SHELDON, CHRISTOPHER",,,,31,low
MASSACHUSETTS,10,2014,81.0,17.0,joe,82.0,,,,,31,low
MICHIGAN,1,2014,2014.0,250131.0,"BENISHEK, DAN*",130414.0,"CANNON, JERRY",,17151.0,R,31,low
MICHIGAN,1,2012,2012.0,347037.0,"BENISHEK, DAN*",167060.0,"MCDOWELL, GARY",,1881.0,R,31,low
MICHIGAN,2,2014,2014.0,213072.0,"HUIZENGA, BILL*",135568.0,"VANDERSTELT, DEAN",,64717.0,R,31,low
MICHIGAN,2,2012,2012.0,318267.0,"HUIZENGA, BILL*",194653.0,"GERMAN, WILLIE JR.",,85680.0,R,31,low
MICHIGAN,3,2014,2014.0,217165.0,"AMASH, JUSTIN*",125754.0,"GOODRICH, BOB",,41034.0,R,31,low
MICHIGAN,3,2012,2012.0,326283.0,"AMASH, JUSTIN*",171675.0,"PESTKA, STEVE",,27567.0,R,31,low
MICHIGAN,4,2014,2014.0,219423.0,"MOOLENAAR, JOHN R.",123962.0,"HOLMES, JEFF",,38185.0,R,31,low
MICHIGAN,4,2012,2012.0,312949.0,"CAMP, DAVE*",197386.0,"WIRTH, DEBRA FREIDELL",,92390.0,R,31,low
MICHIGAN,5,2014,2014.0,222138.0,"HARDWICK, ALLEN",69222.0,"KILDEE, DANIEL T.*",,78960.0,D,31,low
MICHIGAN,5,2012,2012.0,330146.0,"SLEZAK, JIM",103931.0,"KILDEE, DANIEL T.",,110600.0,D,31,low
MICHIGAN,6,2014,2014.0,208976.0,"UPTON, FRED*",116801.0,"CLEMENTS, PAUL C.",,32410.0,R,31,low
MICHIGAN,6,2012,2012.0,320475.0,"UPTON, FRED*",174955.0,"O'BRIEN, MIKE",,38392.0,R,31,low
MICHIGAN,7,2014,2014.0,223685.0,"WALBERG, TIM*",119564.0,"BYRNES, PAM",,27481.0,R,31,low
MICHIGAN,7,2012,2012.0,318069.0,"WALBERG, TIM*",169668.0,"HASKELL, KURT R.              NIS",,32819.0,R,31,low
MICHIGAN,8,2014,2014.0,243125.0,"BISHOP, MIKE",132739.0,"SCHERTZING, ERIC",,30470.0,R,31,low
MICHIGAN,8,2012,2012.0,345054.0,"ROGERS, MIKE*",202217.0,"ENDERLE, LANCE",,73560.0,R,31,low
MICHIGAN,9,2014,2014.0,225750.0,"BRIKHO, GEORGE",81470.0,"LEVIN, SANDER M.*",,54872.0,D,31,low
MICHIGAN,9,2012,2012.0,337316.0,"VOLARIC, DON",114760.0,"LEVIN, SANDER M.*",,94086.0,D,31,low
MICHIGAN,10,2014,10.0,2014.0,"MILLER, CANDICE S.*",228692.0,"STADLER, CHUCK",,89926.0,R,31,low
MICHIGAN,10,2012,10.0,2012.0,"MILLER, CANDICE S.*",328612.0,"STADLER, CHUCK",,128341.0,R,31,low
MICHIGAN,11,2014,11.0,2014.0,"TROTT, DAVID A.",251238.0,"MCKENZIE, BOBBY",,38754.0,R,31,low
MICHIGAN,11,2012,11.0,2012.0,"BENTIVOLIO, KERRY",358139.0,"TA, SYED",,22909.0,R,31,low
MICHIGAN,12,2014,12.0,2014.0,"BOWMAN, TERRENCE TERRY",206660.0,"DINGELL, DEBBIE",,69630.0,D,31,low
MICHIGAN,12,2012,12.0,2012.0,"KALLGREN, CYNTHIA",319223.0,"DINGELL, JOHN D. JR.*",,124412.0,D,31,low
MICHIGAN,13,2014,13.0,2014.0,"GORMAN, JEFF",166947.0,"CONYERS, JOHN JR.*",,105476.0,D,31,low
MICHIGAN,13,2012,13.0,2012.0,"SAWICKI, HARRY",284270.0,"CONYERS, JOHN JR.*",,196567.0,D,31,low
MICHIGAN,14,2014,14.0,2014.0,"BARR, CHRISTINA",212468.0,"LAWRENCE, BRENDA L.",,123471.0,D,31,low
MICHIGAN,14,2012,14.0,2012.0,"Spe       HAULER, JOHN",328792.0,"PETERS, GARY*",,219055.0,D,31,low
MINNESOTA,1,2014,308.0,19315.0,,45.0,,,19315.0,D,31,low
MINNESOTA,1,2012,2012.0,335880.0,"QUIST, ALLEN",142164.0,"WALZ, TIMOTHYJ.*",,51047.0,D,31,low
MINNESOTA,2,2014,2014.0,245848.0,"KLINE, JOHN*",137778.0,"OBERMUELLER, MIKE",,42213.0,R,31,low
MINNESOTA,2,2012,2012.0,358446.0,"KLINE, JOHN*",193587.0,"OBERMUELLER, MIKE",,29249.0,R,31,low
MINNESOTA,3,2014,2014.0,269585.0,"PAULSEN, ERIK*",167515.0,"SUND, SHARON",,65669.0,R,31,low
MINNESOTA,3,2012,2012.0,382705.0,"PAULSEN, ERIK*",222335.0,"BARNES, BRIAN",,62398.0,R,31,low
MINNESOTA,4,2014,2014.0,241637.0,"WAHLGREN, SHARNA",79492.0,"MCCOLLUM, BETTY*",,68365.0,D,31,low
MINNESOTA,4,2012,2012.0,347991.0,"HERNANDEZ, TONY",109659.0,"MCCOLLUM, BETTY*",,107026.0,D,31,low
MINNESOTA,5,2014,2014.0,236010.0,".    DAGGETT, DOUG",56577.0,"ELLISON, KEITH*",,110502.0,D,31,low
MINNESOTA,5,2012,2012.0,351969.0,"FIELDS, CHRIS",88753.0,"ELLISON, KEITH*",,173349.0,D,31,low
MINNESOTA,6,2014,2014.0,236846.0,"EMMER, TOM",133328.0,"PERSKE, JOE",,42402.0,R,31,low
MINNESOTA,6,2012,2012.0,355153.0,"BACHMANN, MICHELE*",179240.0,"GRAVES, JIM",,4296.0,R,31,low
MINNESOTA,7,2014,2014.0,240835.0,"WESTROM, TORREY NORMAN",109955.0,"PETERSON, COLLIN C.*",,20591.0,D,31,low
MINNESOTA,7,2012,2012.0,327576.0,"BYBERG, LEE",114151.0,"PETERSON, COLLINC.*",,83640.0,D,31,low
MINNESOTA,8,2014,2014.0,266083.0,"MILLS, STEWART",125358.0,"NOLAN, RICHARD M.*",,3732.0,D,31,low
MINNESOTA,8,2012,2012.0,353663.0,"CRAVAACK, CHIP",160520.0,"NOLAN, RICHARD M.",,31456.0,D,31,low
MISSISSIPPI,1,2014,2014.0,151111.0,"NUNNELEE, ALAN*",102622.0,"DICKEY, RONE.",,58909.0,R,31,low
MISSISSIPPI,1,2012,2012.0,309177.0,"NUNNELEE, ALAN*",186760.0,"MORRIS, BRAD",,72684.0,R,31,low
MISSISSIPPI,2,2014,2014.0,148646.0,"THOMPSON, BENNIE G.*",100688.0,,,100688.0,D,31,low
MISSISSIPPI,2,2012,2012.0,320244.0,"MARCY, BILL",99160.0,"THOMPSON, BENNIE G.*",,115818.0,D,31,low
MISSISSIPPI,3,2014,2014.0,170946.0,"HARPER, GREGG*",117771.0,"MAGEE, DOUGLAS MACARTHUR DOUG",,70027.0,R,31,low
MISSISSIPPI,3,2012,2012.0,293322.0,"HARPER, GREGG*",234717.0,,,234717.0,R,31,low
MISSISSIPPI,4,2014,2014.0,155576.0,"PALAZZO, STEVEN M.*",108776.0,"MOORE, MATT",,70907.0,R,31,low
MISSISSIPPI,4,2012,2012.0,285432.0,"PALAZZO, STEVEN M.*",182998.0,"MOORE, MATT",,100654.0,R,31,low
MISSOURI,1,2014,2014.0,163494.0,"ELDER, DANIELJ.",35273.0,"CLAY, WILLIAM LACY*",,84042.0,D,31,low
MISSOURI,1,2012,2012.0,340583.0,"HAMLIN, ROBYN",60832.0,"CLAY, WILLIAM LACY*",,207095.0,D,31,low
MISSOURI,2,2014,2014.0,231117.0,"WAGNER, ANN*",148191.0,"LIEBER, ARTHUR",,72807.0,R,31,low
MISSOURI,2,2012,2012.0,394448.0,"WAGNER, ANN",236971.0,"KOENEN, GLENN",,,,31,low
MISSOURI,3,2014,2014.0,191620.0,"LUETKEMEYER, BLAINE*",130940.0,"DENTON, COURTNEY",,78919.0,R,31,low
MISSOURI,3,2012,2012.0,338385.0,"LUETKEMEYER, BLAINE*",214843.0,"MAYER, ERIC C.",,103654.0,R,31,low
MISSOURI,4,2014,2014.0,176286.0,"HARTZLER, VICKY*",120014.0,"IRVIN, NATEA.",,73550.0,R,31,low
MISSOURI,4,2012,2012.0,318723.0,"HARTZLER, VICKY*",192237.0,"HENSLEY, TERESA",,79117.0,R,31,low
MISSOURI,5,2014,2014.0,153635.0,"TURK, JACOB",69071.0,"CLEAVER, EMANUEL*",,10185.0,D,31,low
MISSOURI,5,2012,2012.0,330942.0,"TURK, JACOB",122149.0,"CLEAVER, EMANUEL*",,78141.0,D,31,low
MISSOURI,6,2014,2014.0,186970.0,"GRAVES, SAM*",124616.0,"HEDGE, W. A. BILL",,69459.0,R,31,low
MISSOURI,6,2012,2012.0,333688.0,"GRAVES, SAM*",216906.0,"YARBER, KYLE",,108403.0,R,31,low
MISSOURI,7,2014,2014.0,163957.0,"LONG, BILLY*",104054.0,"EVANS, IM",,56772.0,R,31,low
MISSOURI,7,2012,2012.0,318740.0,"LONG, BILLY*",203565.0,"EVANS, JIM",,105067.0,R,31,low
MISSOURI,8,2014,2014.0,159224.0,"SMITH, JASON*",106124.0,"STOCKER, BARBARA HAMILL",,67403.0,R,31,low
MISSOURI,8,2012,2012.0,300391.0,"EMERSON, JO ANN*",216083.0,"RUSHIN, JACK",,142328.0,R,31,low
NEBRASKA,1,2014,2014.0,179057.0,"FORTENBERRY, EFF*",123219.0,"CRAWFORD, DENNIS P.",,67381.0,R,31,low
NEBRASKA,1,2012,2012.0,256095.0,"FORTENBERRY, JEFF*",174889.0,"REIMAN, KOREY L.",,93683.0,R,31,low
NEBRASKA,2,2014,2014.0,171509.0,"TERRY, LEE*",78157.0,"ASHFORD, BRAD",,,,31,low
NEBRASKA,2,2012,2012.0,263731.0,"TERRY, LEE*",133964.0,"EWING, JOHN W. JR.",,4197.0,R,31,low
NEBRASKA,3,2014,2014.0,184964.0,"SMITH, ADRIAN*",139440.0,"SULLIVAN, MARK",,93916.0,R,31,low
NEBRASKA,3,2012,2012.0,252689.0,WwW,187423.0,"SMITH, ADRIAN*",,122157.0,R,31,low
NEVADA,1,2014,2014.0,80299.0,"TEIEIRO, ANNETTE",30413.0,"TITUS, DINA*",,15230.0,D,31,low
NEVADA,1,2012,2012.0,179278.0,"EDWARDS, CHRIS",56521.0,"TITUS, DINA",,57446.0,D,31,low
NEVADA,2,2014,2014.0,186210.0,"AMODEI, MARK E.*",122402.0,"SPEES, KRISTEN",,70386.0,R,31,low
NEVADA,2,2012,2012.0,281449.0,"AMODEI, MARK E.*",162213.0,"KOEPNICK, SAMUEL",,60194.0,R,31,low
NEVADA,3,2014,2014.0,145719.0,"HECK, JOSEPH J.*",88528.0,"BILBRAY, ERIN",,35884.0,R,31,low
NEVADA,3,2012,2012.0,272523.0,"HECK, JOSEPH J.*",137244.0,"OCEGUERA, JOHN",,20421.0,R,31,low
NEVADA,4,2014,2014.0,130781.0,"HARDY, CRESENT",63466.0,"HORSFORD, STEVEN A.*",,3622.0,R,31,low
NEVADA,4,2012,2012.0,240492.0,Ww,101261.0,"TARKANIAN, DANNY",,19240.0,D,31,low
NEW HAMPSHIRE,1,2014,2014.0,242736.0,"GUINTA, FRANK C.",125508.0,"SHEAPORTER, CAROL*",,8739.0,R,31,low
NEW HAMPSHIRE,1,2012,2012.0,345022.0,"GUINTA, FRANK C.*",158659.0,"SHEAPORTER, CAROL",,12991.0,D,31,low
NEW HAMPSHIRE,2,2014,2014.0,238184.0,"GARCIA, MARILINDA",106871.0,"KUSTER, ANN M.*",,23829.0,D,31,low
NEW HAMPSHIRE,2,2012,2012.0,337394.0,"BASS, CHARLES*",152977.0,"KUSTER, ANN M.",,16298.0,D,31,low
NEW MEXICO,1,2014,2014.0,180032.0,"FRESE, MICHAEL H.",74558.0,"GRISHAM, MICHELLE LUJAN*",,30916.0,D,31,low
NEW MEXICO,1,2012,2012.0,275856.0,"ARNOLDJONES, JANICE E.",112473.0,"GRISHAM, MICHELLE LUJAN",,50451.0,D,31,low
NEW MEXICO,2,2014,2014.0,147777.0,"PEARCE, STEVE*",95209.0,"LARA, ROXANNE ROCKY",,42710.0,R,31,low
NEW MEXICO,2,2012,2012.0,225515.0,"PEARCE, STEVE*",133180.0,"ERHARD, EVELYN MADRID",,41018.0,R,31,low
NEW MEXICO,3,2014,2014.0,184076.0,"BYRD, JEFFERSON L.",70775.0,"LUJAN, BEN RAY*",,42474.0,D,31,low
NEW MEXICO,3,2012,2012.0,264719.0,Roh,97616.0,"BYRD, JEFFERSON L.",,69487.0,D,31,low
NEW YORK,1,2014,2014.0,172865.0,"ZELDIN, LEE M.",94035.0,"BISHOP, TIMOTHY H.*",,,,31,low
NEW YORK,1,2012,2012.0,278659.0,"ALTSCHULER, RANDY",132304.0,"BISHOP, TIMOTHY H.*",,,,31,low
NEW YORK,2,2014,2014.0,139330.0,"KING, PETER T.*",95177.0,"MAHER, PATRICIA M.",,,,31,low
NEW YORK,2,2012,2012.0,242943.0,"KING, PETER T.*",142309.0,"FALCONE, VIVIANNE",,,,31,low
NEW YORK,3,2014,2014.0,164375.0,"LALLY, GRANT M.",74269.0,"ISRAEL, STEVE*",,,,31,low
NEW YORK,3,2012,113203.0,157880.0,AVI      RMAIVAl,44677.0,"LABATE, STEPHEN",,,,31,low
NEW YORK,4,2014,2014.0,170099.0,"BLAKEMAN, BRUCE",80127.0,"RICE, KATHLEEN M.",,,,31,low
NEW YORK,4,2012,2012.0,265300.0,"BECKER, FRANCIS X. JR.",85693.0,"MCCARTHY, CAROLYN*",,,,31,low
NEW YORK,5,2014,2014.0,79821.0,"MEEKS, GREGORY W.*",75712.0,,,,,31,low
NEW YORK,5,2012,2012.0,187141.0,"JENNINGS, ALLAN JR.",17875.0,"MEEKS, GREGORY W.*",,,,31,low
NEW YORK,6,2014,2014.0,55963.0,"MENG, GRACE*",55368.0,,,,,31,low
NEW YORK,6,2012,2012.0,164374.0,"HALLORAN, DANIEL",50846.0,"MENG, GRACE",,,,31,low
NEW YORK,7,2014,2014.0,63812.0,"FERNANDEZ, JOSE LUIS",5713.0,"VELAZQUEZ, NYDIA M.*",,,,31,low
NEW YORK,7,2012,2012.0,152.0,"VELAZQUEZ, NYDIA M.*",111.0,,,,,31,low
NEW YORK,8,2014,2014.0,83999.0,"JEFFRIES, HAKEEM S.*",77255.0,,,,,31,low
NEW YORK,8,2012,2012.0,204207.0,"BELLONE, ALAN",17650.0,"JEFFRIES, HAKEEM S.",,,,31,low
NEW YORK,9,2014,2014.0,92569.0,"CLARKE, YVETTE D.*",82659.0,,,,,31,low
NEW YORK,9,2012,202.0,213431.0,See,24164.0,"CAVANAGH, DANIEL",,,,31,low
NEW YORK,10,2014,10.0,2014.0,"NADLER, JERROLD*",101881.0,,,,,31,low
NEW YORK,10,2012,10.0,2012.0,"CHAN, MICHAEL",205349.0,"NADLER, JERROLD*",,,,31,low
NEW YORK,11,2014,11.0,2014.0,"GRIMM, MICHAEL G.*",107363.0,"RECCHIA JR., DOMENIC M.",,,,31,low
NEW YORK,11,2012,11.0,2012.0,"GRIMM, MICHAEL G.*",197635.0,"MURPHY, MARK",,,,31,low
NEW YORK,12,2014,12.0,2014.0,"DI IORIO, NICHOLAS S.",113429.0,"MALONEY, CAROLYN B.*",,,,31,low
NEW YORK,12,2012,12.0,2012.0,"WIGHT, CHRISTOPHER",241426.0,"MALONEY, CAROLYN B.*",,,,31,low
NEW YORK,13,2014,13.0,2014.0,"RANGEL, CHARLES B.*",78353.0,,,,,31,low
NEW YORK,13,2012,2012.0,192913.0,teeee,12147.0,"SCHLEY, CRAIG",,,,31,low
NEW YORK,14,2014,14.0,2014.0,"CROWLEY, JOSEPH*",57204.0,,,,,31,low
NEW YORK,14,2012,14.0,2012.0,"GIBBONS, WILLIAM JR.",145190.0,"CROWLEY, JOSEPH*",,,,31,low
NEW YORK,15,2014,15.0,2014.0,"SERRANO, JOSE E.*",56563.0,,,,,31,low
NEW YORK,15,2012,4427.0,152661.0,iss  ON              ABYAITIS,148234.0,"DELLA VALLE, FRANK",,,,31,low
NEW YORK,16,2014,16.0,2014.0,"ENGEL, ELIOT L.*",100391.0,,,,,31,low
NEW YORK,16,2012,16.0,2012.0,"MCLAUGHLIN, JOSEPH",236553.0,"ENGEL, ELIOT L.*",,,,31,low
NEW YORK,17,2014,17.0,2014.0,Ss,174054.0,"DAY, CHRIS",,,,31,low
NEW YORK,17,2012,17.0,2012.0,"CARVIN, JOE",266205.0,"LOWEY, NITA M.*",,,,31,low
NEW YORK,18,2014,18.0,2014.0,"HAYWORTH, NAN",179091.0,"MALONEY, SEAN PATRICK*",,,,31,low
NEW YORK,18,2012,2012.0,277063.0,ieeee,133049.0,"HAYWORTH, NAN*",,,,31,low
NEW YORK,19,2014,19.0,2014.0,"GIBSON, CHRISTOPHER P.*",204173.0,"ELDRIDGE, SEAN",,,,31,low
NEW YORK,19,2012,19.0,2012.0,"GIBSON, CHRISTOPHER P.*",284679.0,"SCHREIBMAN, JULIAN",,,,31,low
NEW YORK,20,2014,20.0,2014.0,"FISCHER, IM",204329.0,"TONKO, PAUL*",,,,31,low
NEW YORK,20,2012,20.0,2012.0,"DIETERICH, ROBERT",297314.0,"TONKO, PAUL*",,,,31,low
NEW YORK,21,2014,21.0,2014.0,"STEFANIK, ELISE M.",174668.0,"WOOLF, AARON",,,,31,low
NEW YORK,21,2012,21.0,2012.0,"DOHENY, MATTHEW A.",252556.0,"OWENS, WILLIAM L. BILL*",,,,31,low
NEW YORK,22,2014,129851.0,129851.0,Pe       IAS       eH BY,98.0,"HANNA, RICHARD L.*",,,,31,low
NEW YORK,22,2012,22.0,2012.0,"HANNA, RICHARD L.*",260863.0,"LAMB, DAN",,,,31,low
NEW YORK,23,2014,23.0,2014.0,"REED, TOM*",183481.0,"ROBERTSON, MARTHA",,,,31,low
NEW YORK,23,2012,23.0,2012.0,se,265282.0,"REED, TOM*",,,,31,low
NEW YORK,24,2014,2014.0,199222.0,pAree,118474.0,"KATKO, JOHN",,,,31,low
NEW YORK,24,2012,24.0,2012.0,"BUERKLE, ANN MARIE*",292988.0,"MAFFEI, DANIEL B.",,,,31,low
NEW YORK,25,2014,25.0,2014.0,"ASSINI, MARK W.",192971.0,"SLAUGHTER, LOUISE M.*",,,,31,low
NEW YORK,25,2012,25.0,20.0,"BROOKS, MAGGIE",313402.0,"SLAUGHTER, LOUISE M.*",,,,31,low
NEW YORK,26,2014,26.0,2014.0,"WEPPNER, KATHLEEN KATHY",166124.0,"HIGGINS, BRIAN*",,,,31,low
NEW YORK,26,2012,26.0,82012.0,"MADIGAN, MICHAEL H.",284271.0,"HIGGINS, BRIAN*",,,,31,low
NEW YORK,27,2014,27.0,2014.0,"COLLINS, CHRIS*",203645.0,"O'DONNELL, IM",,,,31,low
NEW YORK,27,2012,50.0,49.0,ee,50.0,,,,,31,low
NEW YORK,28,2014,34.0,64.0,Kea,35.0,,,,,31,low
NORTH CAROLINA,1,2014,2014.0,210323.0,"RICH, ARTHUR",154333.0,"BUTTERFIELD, G. K.*",,98343.0,D,31,low
NORTH CAROLINA,1,2012,2012.0,338066.0,"DILAURO, PETE",254644.0,"BUTTERFIELD, G. K.*",,177356.0,D,31,low
NORTH CAROLINA,2,2014,2014.0,207607.0,"ELLMERS, RENEE L.*",122128.0,"AIKEN, CLAY",,36649.0,R,31,low
NORTH CAROLINA,2,2012,2012.0,311397.0,RS,174066.0,"ELLMERS, RENEE L.*",,,,31,low
NORTH CAROLINA,3,2014,2014.0,205597.0,"JONES, WALTER B. JR.*",139415.0,"ADAME, MARSHALL",,73233.0,R,31,low
NORTH CAROLINA,3,2012,2012.0,309885.0,"JONES, WALTER B.JR.*",195571.0,"ANDERSON, ERIK",,81257.0,R,31,low
NORTH CAROLINA,4,2014,2014.0,227362.0,"WRIGHT, PAUL",57416.0,"PRICE, DAVID E.*",,112530.0,D,31,low
NORTH CAROLINA,4,2012,2012.0,348485.0,"DANNUNZIO, TIM",88951.0,"PRICE, DAVID E.*",,88951.0,D,31,low
NORTH CAROLINA,5,2014,2014.0,228252.0,"FOXX, VIRGINIA*",139279.0,"BRANNON, JOSHUA JOSH",,50306.0,R,31,low
NORTH CAROLINA,5,2012,2012.0,349197.0,"FOXX, VIRGINIA*",200945.0,"MOTSINGER, ELISABETH",,52693.0,R,31,low
NORTH CAROLINA,6,2014,2014.0,251070.0,"WALKER, MARK",147312.0,"FIELD, LAURA",,43554.0,R,31,low
NORTH CAROLINA,6,2012,2012.0,364583.0,"COBLE, HOWARD*",222116.0,"FORIEST, TONY",,79649.0,R,31,low
NORTH CAROLINA,7,2014,2014.0,226504.0,"ROUZER, DAVID",134431.0,"BARFIELD JR., JONATHAN",,50377.0,R,31,low
NORTH CAROLINA,7,2012,2012.0,336736.0,"ROUZER, DAVID",168041.0,"MCINTYRE, MIKE*",,,,31,low
NORTH CAROLINA,8,2014,2014.0,187422.0,"HUDSON, RICHARD*",121568.0,"BLUE, ANTONIO",,55714.0,R,31,low
NORTH CAROLINA,8,2012,2012.0,302280.0,"HUDSON, RICHARD",160695.0,"KISSELL, LARRY*",,23556.0,R,31,low
NORTH CAROLINA,9,2014,2014.0,173668.0,"PITTENGER, ROBERT*",163080.0,,,163080.0,R,31,low
NORTH CAROLINA,9,2012,2012.0,375690.0,"PITTENGER, ROBERT",194537.0,"ROBERTS, JENNIFER",,23034.0,R,31,low
NORTH CAROLINA,10,2014,10.0,2014.0,"MCHENRY, PATRICK T.*",218796.0,"MACQUEEN IV, TATE",,,,31,low
NORTH CAROLINA,10,2012,10.0,2012.0,"MCHENRY, PATRICK T.*",334849.0,"KEEVER, PATRICIA R. PATSY",,46803.0,R,31,low
NORTH CAROLINA,11,2014,11.0,2014.0,"MEADOWS, MARK*",230024.0,"HILL, THOMAS",,59340.0,R,31,low
NORTH CAROLINA,11,2012,11.0,2012.0,"MEADOWS, MARK",331426.0,"ROGERS, HAYDEN",,,,31,low
NORTH CAROLINA,12,2014,12.0,2014.0,"COAKLEY, VINCE",172664.0,"ADAMS, ALMA S.",,87528.0,D,31,low
NORTH CAROLINA,12,2012,12.0,2012.0,"BROSCH, JACK",310908.0,"WATT, MELVIN*",,184274.0,D,31,low
NORTH CAROLINA,13,2014,13.0,2014.0,"HOLDING, GEORGE*",268709.0,"CLEARY, BRENDA",,39273.0,R,31,low
NORTH CAROLINA,13,2012,13.0,2012.0,"HOLDING, GEORGE",370610.0,"MALONE, CHARLES",,50380.0,R,31,low
OHIO,1,2014,197383.0,124779.0,"CHABOT, STEVE*",72604.0,"KUNDRATA, FRED",,52175.0,R,31,low
OHIO,1,2012,349716.0,201907.0,"CHABOT, STEVE*",131490.0,"SINNARD, JEFF",,70417.0,R,31,low
OHIO,2,2014,201111.0,132658.0,"WENSTRUP, BRAD R.*",68453.0,"TYSZKIEWICZ, MAREK",,64205.0,R,31,low
OHIO,2,2012,331381.0,194299.0,"WENSTRUP, BRAD R.",137082.0,"SMITH, WILLIAM",,57217.0,R,31,low
OHIO,3,2014,143261.0,51475.0,"ADAMS, JOHN",91769.0,"BEATTY, JOYCE*",,40294.0,D,31,low
OHIO,3,2012,295938.0,77903.0,"LONG, CHRIS",201921.0,"BEATTY, JOYCE",,124018.0,D,31,low
OHIO,4,2014,186072.0,125907.0,"JORDAN, JIM*",60165.0,"GARRETT, JANET",,65742.0,R,31,low
OHIO,4,2012,312998.0,182643.0,"JORDAN, IM*",114214.0,"SLONE, IM",,68429.0,R,31,low
OHIO,5,2014,202300.0,134449.0,NooO,58507.0,"LATTA, ROBERT E.*",,75942.0,R,31,low
OHIO,5,2012,351878.0,201514.0,"LATTA, ROBERT E.*",137806.0,"ZIMMANN, ANGELA",,63708.0,R,31,low
OHIO,6,2014,190652.0,111026.0,"JOHNSON, BILL*",73561.0,"GARRISON, JENNIFER",,37465.0,R,31,low
OHIO,6,2012,308980.0,164536.0,"JOHNSON, BILL*",144444.0,"WILSON, CHARLES A. JR.",,20092.0,R,31,low
OHIO,7,2014,143959.0,143959.0,"GIBBS, BOB*",143959.0,,,143959.0,R,31,low
OHIO,7,2012,315812.0,178104.0,"GIBBS, BOB*",137708.0,"HEALYABRAMS, JOYCE",,40396.0,R,31,low
OHIO,8,2014,188330.0,126539.0,"BOEHNER, JOHN A.*",51534.0,"POETTER, TOM",,75005.0,R,31,low
OHIO,8,2012,246442.0,246380.0,"BOEHNER, JOHN A.*",62.0,,,246380.0,R,31,low
OHIO,9,2014,20128.0,298.0,SI,1166.0,"WURZELBACHER, SAMUEL       .",,149109.0,D,31,low
OHIO,9,2012,10.0,2014.0,"TURNER, MICHAEL R.*",200606.0,"KLEPINGER, ROBERT",,67503.0,R,31,low
OHIO,10,2014,10.0,2012.0,"sTURNER, MICHAEL R.*",349671.0,"NEUHARDT, SHAREN SWARTZ",,77104.0,R,31,low
OHIO,10,2012,11.0,2014.0,"ZETZER, MARK",172566.0,"FUDGE, MARCIA L.*",,101644.0,D,31,low
OHIO,11,2014,11.0,2012.0,"FUDGE, MARCIA L.*",258378.0,,,258378.0,D,31,low
OHIO,11,2012,12.0,2014.0,"TIBERI, PATRICK    J.*",221081.0,"TIBBS, DAVID ARTHUR",,89213.0,R,31,low
OHIO,12,2014,12.0,2012.0,"TIBERI, PATRICK      J.*",368488.0,"REESE, JIM",,99260.0,R,31,low
OHIO,12,2012,2014599.0,175549.0,Toe,55233.0,"PEKAREK, THOMAS",,64997.0,D,31,low
OHIO,13,2014,14.0,2014.0,"JOYCE, DAVID P.*",214580.0,"WAGER, MICHAEL",,64880.0,R,31,low
OHIO,13,2012,14.0,2012.0,"JOYCE, DAVID P.",339884.0,"BLANCHARD, DALE VIRGIL",,52022.0,R,31,low
OHIO,14,2014,15.0,2014.0,"STIVERS, STEVE*",194621.0,"WHARTON, SCOTT",,62371.0,R,31,low
OHIO,14,2012,20129.0,333.0,See,4659.0,STIVERS SSTEVE,,77089.0,R,31,low
OHIO,15,2014,16.0,2014.0,"RENACCI, JAMES B.*",207375.0,"CROSSLAND, PETE",,56977.0,R,31,low
OHIO,15,2012,16.0,2012.0,"RENACCI, JAMES B.*",355771.0,"SUTTON, BETTY",,14563.0,R,31,low
OKLAHOMA,1,2014,2012.0,285312.0,"BRIDENSTINE, IM",181084.0,"OLSON, JOHN",,89663.0,R,31,low
OKLAHOMA,1,2012,2014.0,158407.0,"MULLIN, MARKWAYNE*",110925.0,"EVERETT, EARL E.",,71961.0,R,31,low
OKLAHOMA,2,2014,2012.0,250612.0,"MULLIN, MARKWAYNE",143701.0,"WALLACE, ROB",,47620.0,R,31,low
OKLAHOMA,2,2012,2014.0,169605.0,"LUCAS, FRANK D.*",133335.0,"ROBBINS, FRANKIE",,97065.0,R,31,low
OKLAHOMA,3,2014,2012.0,268003.0,"LUCAS, FRANK D.*",201744.0,"MURRAY, TIMOTHY RAY",,148272.0,R,31,low
OKLAHOMA,3,2012,2014.0,166268.0,"COLE, TOM*",117721.0,"SMITH, BERT",,76723.0,R,31,low
OKLAHOMA,4,2014,2012.0,260331.0,"COLE, TOM*",176740.0,"BEBO, DONNA MARIE",,104894.0,R,31,low
OKLAHOMA,4,2012,2014.0,95632.0,Sores,57790.0,"RUSSELL, STEVE",,37842.0,R,31,low
OKLAHOMA,5,2014,2012.0,261677.0,AW,153603.0,"LANKFORD, JAMES*",,56099.0,R,31,low
OREGON,1,2014,2014.0,279253.0,"YATES, JASON",96245.0,"BONAMICI, SUZANNE*",,63793.0,D,31,low
OREGON,1,2012,2012.0,331980.0,"MORGAN, DELINDA",109699.0,"BONAMICI, SUZANNE*",,88146.0,D,31,low
OREGON,2,2014,2014.0,287425.0,".       WALDEN, GREG*",202374.0,"CHRISTOFFERSON, AELEA",,128589.0,R,31,low
OREGON,2,2012,2012.0,332255.0,"WALDEN, GREG*",228043.0,"SEGERS, JOYCE B.",,,,31,low
OREGON,3,2014,2014.0,292757.0,"BUCHAL, JAMES",57424.0,"BLUMENAUER, EARL*",,154324.0,D,31,low
OREGON,3,2012,2012.0,355875.0,"GREEN, RONALD",70325.0,"BLUMENAUER, EARL*",,194654.0,D,31,low
OREGON,4,2014,2014.0,310179.0,"ROBINSON, ART",116534.0,"DEFAZIO, PETER A.*",,65090.0,D,31,low
OREGON,4,2012,2012.0,360088.0,"ROBINSON, ART",140549.0,"DEFAZIO, PETER A.*",,72317.0,D,31,low
OREGON,5,2014,2014.0,281088.0,"SMITH, TOOTIE",110332.0,"SCHRADER, KURT*",,40612.0,D,31,low
OREGON,5,2012,2012.0,327970.0,WW,139223.0,"THOMPSON, FRED",,38006.0,D,31,low
PENNSYLVANIA,1,2014,2014.0,158441.0,"RATH, MEGAN ANN",27193.0,"BRADY, ROBERT A.*",,104055.0,D,31,low
PENNSYLVANIA,1,2012,2012.0,277102.0,ieee,41708.0,"FEATHERMAN, JOHNJ.",,193686.0,D,31,low
PENNSYLVANIA,2,2014,2014.0,206538.0,"JAMES, ARMOND",25397.0,"FATTAH, CHAKA*",,155744.0,D,31,low
PENNSYLVANIA,2,2012,201.0,28.0,Dee,356386.0,"MANSFIELD, ROBERT",,284795.0,D,31,low
PENNSYLVANIA,3,2014,2014.0,187790.0,"KELLY, MIKE*",113859.0,"LAVALLEE, DANIEL",,39928.0,R,31,low
PENNSYLVANIA,3,2012,2012.0,302514.0,"KELLY, MIKE*",165826.0,"EATON, MISSA",,41893.0,R,31,low
PENNSYLVANIA,4,2014,2014.0,197340.0,"PERRY, SCOTT*",147090.0,"THOMPSON, LINDA DELIAH",,96840.0,R,31,low
PENNSYLVANIA,4,2012,2012.0,303980.0,"PERRY, SCOTT",181603.0,"PERKINSON, HARRY",,76960.0,R,31,low
PENNSYLVANIA,5,2014,2014.0,180857.0,"THOMPSON, GLENN*",115018.0,"TAYLOR, KERITH STRANO",,49179.0,R,31,low
PENNSYLVANIA,5,2012,2014.0,212544.0,"COSTELLO, RYAN A.",119643.0,"TRIVEDI, MANAN",,26742.0,R,31,low
PENNSYLVANIA,6,2014,2012.0,335528.0,"GERLACH, JAMES W.*",191725.0,"TRIVEDI, MANAN",,47922.0,R,31,low
PENNSYLVANIA,6,2012,2014.0,235125.0,"MEEHAN, PATRICK*",145869.0,"BALCHUNIS, MARY ELLEN",,56613.0,R,31,low
PENNSYLVANIA,7,2014,2012.0,353451.0,"MEEHAN, PATRICK*",209942.0,"BADEY, GEORGE",,66433.0,R,31,low
PENNSYLVANIA,7,2012,2014.0,222498.0,"FITZPATRICK, MICHAEL G.*",137731.0,"STROUSE, KEVIN",,52964.0,R,31,low
PENNSYLVANIA,8,2014,2012.0,352238.0,"FITZPATRICK, MICHAELG.*",199379.0,"BOOCKVAR, KATHY",,46520.0,R,31,low
PENNSYLVANIA,8,2012,2014.0,173317.0,"SHUSTER, BILL*",110094.0,"HARTZOK, ALANNA K.",,46871.0,R,31,low
PENNSYLVANIA,9,2014,2012.0,274305.0,"SHUSTER, BILL*",169177.0,"RAMSBURG, KAREN",,64049.0,R,31,low
PENNSYLVANIA,9,2012,10.0,2014.0,"MARINO, TOM*",180322.0,"BRION, SCOTT F.",,68114.0,R,31,low
PENNSYLVANIA,10,2014,10.0,2012.0,"MARINO, TOM*",273790.0,"SCOLLO, PHILLIP",,85336.0,R,31,low
PENNSYLVANIA,10,2012,11.0,2014.0,"BARLETTA, LOU*",184692.0,"OSTROWSKI, ANDYJ.",,60236.0,R,31,low
PENNSYLVANIA,11,2014,11.0,2012.0,"BARLETTA, LOU*",285198.0,"STILP, GENE",,48736.0,R,31,low
PENNSYLVANIA,11,2012,2115.0,27993.0,a        OL Ane,87928.0,Zee,,40065.0,R,31,low
PENNSYLVANIA,12,2014,12.0,2012.0,"ROTHFUS, KEITH J.",338941.0,"CRITZ, MARK S.*",,11763.0,R,31,low
PENNSYLVANIA,12,2012,2012.0,303819.0,Sie,93918.0,"ROONEY, JOE",,115983.0,D,31,low
PENNSYLVANIA,13,2014,14.0,2014.0,"DOYLE, MICHAEL F.*",148351.0,,,148351.0,D,31,low
PENNSYLVANIA,13,2012,14.0,2012.0,"LESSMANN, HANS",327634.0,"DOYLE, MICHAEL      F.*",,176230.0,D,31,low
PENNSYLVANIA,14,2014,15.0,2014.0,"DENT, CHARLES W.*",128285.0,,,128285.0,R,31,low
PENNSYLVANIA,14,2012,15.0,2012.0,"DENT, CHARLES W.*",297724.0,"DAUGHERTY, RICK",,40196.0,R,31,low
PENNSYLVANIA,15,2014,16.0,2014.0,"PITTS, JOSEPH R.*",176235.0,". HOUGHTON, THOMAS D.",,27209.0,R,31,low
PENNSYLVANIA,15,2012,16.0,2012.0,"PITTS, JOSEPH R.*",284781.0,"STRADER, ARYANNA",,45007.0,R,31,low
PENNSYLVANIA,16,2014,17.0,2014.0,"MOYLAN II, DAVIDJ.",165051.0,"CARTWRIGHT, MATT*",,22309.0,D,31,low
PENNSYLVANIA,16,2012,2012.0,267601.0,"CUMMINGS, LAUREEN",106208.0,"CARTWRIGHT, MATT",,55185.0,D,31,low
PENNSYLVANIA,17,2014,18.0,2014.0,"MURPHY, TIM*",166076.0,,,166076.0,R,31,low
PENNSYLVANIA,17,2012,18.0,2012.0,"MURPHY, TIM*",338873.0,"MAGGI, LARRY",,94581.0,R,31,low
RHODE ISLAND,1,2014,2014.0,146353.0,"LYNCH, CORMICK",58877.0,"CICILLINE, DAVID N.*",,28183.0,D,31,low
RHODE ISLAND,1,2012,2012.0,205115.0,"DOHERTY, BRENDAN P.",83737.0,"CICILLINE, DAVID N.*",,24875.0,D,31,low
RHODE ISLAND,2,2014,2014.0,169904.0,"REIS, RHUE",63844.0,"LANGEVIN, JAMES R.*",,41872.0,D,31,low
RHODE ISLAND,2,2012,2012.0,222660.0,ae,78189.0,"RILEY, MICHAEL G.",,45878.0,D,31,low
SOUTH CAROLINA,1,2014,2014.0,127815.0,"SANFORD, MARK*",119392.0,,,119392.0,R,31,low
SOUTH CAROLINA,1,2012,2012.0,290013.0,"SCOTT, TIM*",179908.0,"ROSE, BOBBIE G.",,76351.0,R,31,low
SOUTH CAROLINA,2,2014,2014.0,194808.0,"WILSON, JOE*",121649.0,"BLACK, PHIL",,52930.0,R,31,low
SOUTH CAROLINA,2,2012,2012.0,203718.0,"WILSON, JOE*",196116.0,,,196116.0,R,31,low
SOUTH CAROLINA,3,2014,2014.0,164009.0,"DUNCAN, JEFF*",116741.0,"MULLIS, BARBARA JO",,69560.0,R,31,low
SOUTH CAROLINA,3,2012,2012.0,254763.0,"DUNCAN, JEFF*",169512.0,"DOYLE, BRIAN RYAN B.",,,,31,low
SOUTH CAROLINA,4,2014,2014.0,149049.0,"GOWDY, TREY*",126452.0,,,126452.0,R,31,low
SOUTH CAROLINA,4,2012,2012.0,266884.0,"GOWDY, TREY*",173201.0,"MORROW, DEB",,,,31,low
SOUTH CAROLINA,5,2014,2014.0,175145.0,"MULVANEY, MICK*",103078.0,"ADAMS, TOMA.",,31093.0,R,31,low
SOUTH CAROLINA,5,2012,2012.0,278003.0,"MULVANEY, MICK*",154324.0,".   KNOTT, JOYCE",,30881.0,R,31,low
SOUTH CAROLINA,6,2014,2014.0,173432.0,"CULLER, ANTHONY",44311.0,"CLYBURN, JAMES E.*",,81436.0,D,31,low
SOUTH CAROLINA,6,2012,2012.0,233615.0,"CLYBURN, JAMES E.*",218717.0,,,218717.0,D,31,low
SOUTH CAROLINA,7,2014,2014.0,171524.0,"RICE, TOM*",102833.0,"TINUBU, GLORIA BROMELL",,34257.0,R,31,low
SOUTH CAROLINA,7,2012,2012.0,275738.0,"RICE, TOM",153068.0,"TINUBU, GLORIA BROMELL",,30679.0,R,31,low
TENNESSEE,1,2014,2014.0,139470.0,"ROE, PHIL*",115533.0,,,115533.0,R,31,low
TENNESSEE,1,2012,2012.0,239672.0,"ROE, PHIL*",182252.0,"WOODRUFF, ALAN",,134589.0,R,31,low
TENNESSEE,2,2014,2014.0,166751.0,"DUNCAN, JOHN J.JR.*",120883.0,"SCOTT, BOB",,83271.0,R,31,low
TENNESSEE,2,2012,2012.0,264505.0,"DUNCAN, JOHNJ.JR.*",196894.0,"GOODALE, TROY",,142372.0,R,31,low
TENNESSEE,3,2014,2014.0,156097.0,"FLEISCHMANN, CHARLES.CHUCK*",97344.0,"HEADRICK, MARY M.",,43361.0,R,31,low
TENNESSEE,3,2012,2012.0,256909.0,"FLEISCHMANN, CHARLESJ.CHUCK*",157830.0,"HEADRICK, MARY M.",,66736.0,R,31,low
TENNESSEE,4,2014,2014.0,145418.0,"DESJARLAIS, SCOTT*",84815.0,"SHERRELL, LENDA",,33458.0,R,31,low
TENNESSEE,4,2012,2012.0,230590.0,"DESJARLAIS, SCOTT*",128568.0,"STEWART, ERIC",,26546.0,R,31,low
TENNESSEE,5,2014,2014.0,154276.0,"RIES, BOB",55078.0,"COOPER, IM*",,41070.0,D,31,low
TENNESSEE,5,2012,2012.0,263095.0,"STAATS, BRAD",86240.0,"COOPER, JIM*",,85381.0,D,31,low
TENNESSEE,6,2014,2014.0,162097.0,"BLACK, DIANE*",115231.0,"POWERS, AMOS SCOTT",,77999.0,R,31,low
TENNESSEE,6,2012,2012.0,241241.0,"BLACK, DIANE*                                                                 S",184383.0,,,,,31,low
TENNESSEE,7,2014,2014.0,157907.0,"BLACKBURN, MARSHA*",110534.0,"CRAMER, DANIEL N.",,68254.0,R,31,low
TENNESSEE,7,2012,2012.0,257306.0,IRS,182730.0,"BLACKBURN, MARSHA*",,121051.0,R,31,low
TENNESSEE,8,2014,2014.0,172595.0,"FINCHER, STEPHEN LEE*",122255.0,"BRADLEY, WES",,79822.0,R,31,low
TENNESSEE,8,2012,2012.0,279422.0,"FINCHER, STEPHEN LEE*",190923.0,"DIXON, TIMOTHY",,111433.0,R,31,low
TENNESSEE,9,2014,2014.0,116550.0,"BERGMANN, CHARLOTTE",27173.0,"COHEN, STEVE*",,60203.0,D,31,low
TENNESSEE,9,2012,2012.0,250987.0,"FLINN, GEORGE S. JR.",59742.0,"COHEN, STEVE*",,128680.0,D,31,low
TEXAS,1,2014,148560.0,115084.0,"GOHMERT, LOUIE*                         MCKELLAR, SHIRLEY J.",81608.0,,,,,31,low
TEXAS,1,2012,249658.0,178322.0,"GOHMERT, LOUIE*                         MCKELLAR, SHIRLEY J.",111100.0,,,,,31,low
TEXAS,2,2014,150026.0,101936.0,"POE, TED*                               LETSOS, NIKO",57474.0,,,,,31,low
TEXAS,2,2012,246328.0,159664.0,"POE, TED*                               DOUGHERTY, JIM",79152.0,,,,,31,low
TEXAS,3,2014,138280.0,113404.0,"JOHNSON, SAM*",113404.0,,,,,31,low
TEXAS,3,2012,187180.0,187180.0,"JOHNSON, SAM*",187180.0,,,,,31,low
TEXAS,4,2014,115085.0,115085.0,"RATCLIFFE, JOHN",115085.0,,,,,31,low
TEXAS,4,2012,250343.0,182679.0,"HALL, RALPH M.*",60214.0,"HATHCOX, VALINDA",,,,31,low
TEXAS,5,2014,104262.0,88998.0,"HENSARLING, JEB*",15264.0,,,,,31,low
TEXAS,5,2012,208230.0,134091.0,"HENSARLING, JEB*",69178.0,"MROSKO, LINDA S.",,,,31,low
TEXAS,6,2014,150996.0,92334.0,"BARTON, JOE*",55027.0,"COZAD, DAVID E.",,,,31,low
TEXAS,6,2012,249936.0,145019.0,"BARTON, JOE*",98053.0,"SANDERS, KENNETH",,,,31,low
TEXAS,7,2014,143219.0,90606.0,"CULBERSON, JOHN*",49478.0,"CARGAS, JAMES",,,,31,low
TEXAS,7,2012,234837.0,142793.0,"CULBERSON, JOHN*",85553.0,"CARGAS, JAMES",,,,31,low
TEXAS,8,2014,140013.0,125066.0,"BRADY, KEVIN*",14947.0,,,,,31,low
TEXAS,8,2012,251052.0,194043.0,"BRADY, KEVIN*",51051.0,"BURNS, NEIL",,,,31,low
TEXAS,9,2014,86003.0,78109.0,"GREEN, AL*",7894.0,,,,,31,low
TEXAS,9,2012,183566.0,36139.0,NN,144075.0,"MUELLER, STEVE",,,,31,low
TEXAS,10,2014,176460.0,109726.0,"MCCAUL, MICHAEL T.*",60243.0,"CADIEN, TAWANA W.",,,,31,low
TEXAS,10,2012,264019.0,159783.0,a oo,95710.0,"MCCAUL, MICHAEL T.*",,,,31,low
TEXAS,11,2014,119574.0,107939.0,"CONAWAY, K. MICHAEL*",11635.0,,,,,31,low
TEXAS,11,2012,226023.0,177742.0,"CONAWAY, K. MICHAEL*",41970.0,"RILEY, JIM",,,,31,low
TEXAS,12,2014,158730.0,113186.0,"GRANGER, KAY*",41757.0,"GREENE, MARK",,,,31,low
TEXAS,12,2012,247712.0,175649.0,ayROM,66080.0,"GRANGER, KAY*",,,,31,low
TEXAS,13,2014,131451.0,110842.0,"THORNBERRY, MAC*",16822.0,"MINTER, MIKE G.",,,,31,low
TEXAS,13,2012,206388.0,187775.0,Ww,18613.0,"THORNBERRY, MAC*",,,,31,low
TEXAS,14,2014,145698.0,90116.0,"WEBER, RANDY K.*",52545.0,"BROWN, DONALD G.",,,,31,low
TEXAS,14,2012,245839.0,131460.0,"WEBER, RANDY K.",109697.0,"LAMPSON, NICK",,,,31,low
TEXAS,15,2014,90184.0,39016.0,"ZAMORA, EDDIE",48708.0,"HINOJOSA, RUBEN*",,,,31,low
TEXAS,15,2012,146661.0,54056.0,an,89296.0,"BRUEGGEMANN, DALE A.",,,,31,low
TEXAS,16,2014,73105.0,21324.0,"ROEN, COREY DEAN",49.0,"O'ROURKE, BETO*",,,,31,low
TEXAS,16,2012,155005.0,51043.0,no,101403.0,"CARRASCO, BARBARA",,,,31,low
TEXAS,17,2014,132865.0,85807.0,"FLORES, BILL*",43049.0,"HAYNES, NICK",,,,31,low
TEXAS,17,2012,179262.0,143284.0,NN,35978.0,"FLORES, BILL*",,,,31,low
TEXAS,18,2014,106010.0,26249.0,"SEIBERT, SEAN",76097.0,"JACKSON LEE, SHEILA*",,,,31,low
TEXAS,18,2012,194932.0,44015.0,Co,146223.0,"SEIBERT, SEAN",,,,31,low
TEXAS,19,2014,116818.0,90160.0,"NEUGEBAUER, RANDY*",21458.0,"MARCHBANKS, JAMES NEAL",,,,31,low
TEXAS,19,2012,192063.0,163239.0,"NEUGEBAUER, RANDY*",28824.0,,,,,31,low
TEXAS,20,2014,87964.0,66554.0,"CASTRO, JOAQUIN*",21410.0,,,,,31,low
TEXAS,20,2012,186177.0,62376.0,SoS,119032.0,"ROSA, DAVID",,,,31,low
TEXAS,21,2014,188996.0,135660.0,"SMITH, LAMAR*",53336.0,,,,,31,low
TEXAS,21,2012,308865.0,187015.0,"SMITH, LAMAR*",109326.0,"DUVAL, CANDACE E.",,,,31,low
TEXAS,22,2014,151566.0,100861.0,"OLSON, PETE*",47844.0,"BRISCOE, FRANK",,,,31,low
TEXAS,22,2012,250911.0,160668.0,NOM,80203.0,"OLSON, PETE*",,,,31,low
TEXAS,23,2014,115429.0,57459.0,"HURD, WILL",55037.0,"GALLEGO, PETE P.*",,,,31,low
TEXAS,23,2012,192169.0,87547.0,NOWw,96676.0,"CANSECO, FRANCISCO QUICO*",,,,31,low
TEXAS,24,2014,144073.0,46548.0,"Osa      MARCHANT, KENNY*",3813.0,"MCGEHEARTY, PATRICK",,,,31,low
TEXAS,24,2012,243489.0,148586.0,RoaR,87645.0,"MARCHANT, KENNY*",,,,31,low
TEXAS,25,2014,177883.0,107120.0,"WILLIAMS, ROGER*",64463.0,"MONTOYA, MARCO",,,,31,low
TEXAS,25,2012,263932.0,154245.0,Aan,98827.0,"WILLIAMS, ROGER",,,,31,low
TEXAS,26,2014,141470.0,116944.0,"BURGESS, MICHAEL C.*",24526.0,,,,,31,low
TEXAS,26,2012,258723.0,176642.0,loon,74237.0,"BURGESS, MICHAEL C.*",,,,31,low
TEXAS,27,2014,131047.0,83342.0,"FARENTHOLD, BLAKE*",44152.0,"REED, WESLEY C.",,,,31,low
TEXAS,27,2012,212651.0,120684.0,le,83395.0,"FARENTHOLD, BLAKE*",,,,31,low
TEXAS,28,2014,76136.0,62508.0,"CUELLAR, HENRY*",13628.0,,,,,31,low
TEXAS,28,2012,165645.0,49309.0,co,112456.0,"HAYWARD, WILLIAM R.",,,,31,low
TEXAS,29,2014,46143.0,41321.0,"GREEN, GENE*",4822.0,,,,,31,low
TEXAS,29,2012,95611.0,86053.0,"GREEN, GENE*",9558.0,,,,,31,low
TEXAS,30,2014,30.0,2014.0,"JOHNSON, EDDIE BERNICE*",105793.0,,,93041.0,D,31,low
TEXAS,30,2012,30.0,2012.0,"WASHINGTON, TRAVIS",217014.0,"JOHNSON, EDDIE BERNICE*",,129837.0,D,31,low
TEXAS,31,2014,31.0,2014.0,"CARTER, JOHN R.*",143028.0,"MINOR, LOUIE",,45892.0,R,31,low
TEXAS,31,2012,31.0,2012.0,"CARTER, JOHN R.*",237187.0,"WYMAN, STEPHEN M.",,62371.0,R,31,low
TEXAS,32,2014,32.0,2014.0,"SESSIONS, PETE*",156096.0,"PEREZ, FRANK",,41170.0,R,31,low
TEXAS,32,2012,32.0,2012.0,"SESSIONS, PETE*",251636.0,"MCGOVERN, KATHERINE SAVERS",,47365.0,R,31,low
TEXAS,33,2014,33.0,2014.0,"EASEY, MARC A.*",50592.0,,,43769.0,D,31,low
TEXAS,33,2012,33.0,2012.0,"BRADLEY, CHUCK",117375.0,"VEASEY, MARC A.",,54862.0,D,31,low
TEXAS,34,2014,34.0,2014.0,"SMITH, LARRY S.",79877.0,"VELA, FILEMON*",,16692.0,D,31,low
TEXAS,34,2012,34.0,2012.0,"BRADSHAW, JESSICA PUENTE",144778.0,"VELA, FILEMON",,37158.0,D,31,low
TEXAS,35,2014,35.0,2014.0,"NARVAIZ, SUSAN",96225.0,"DOGGETT, LLOYD*",,28084.0,D,31,low
TEXAS,35,2012,35.0,2012.0,"NARVAIZ, SUSAN",165179.0,"DOGGETT, LLOYD*",,52732.0,D,31,low
TEXAS,36,2014,36.0,2014.0,"BABIN, BRIAN",133842.0,"COLE, MICHAELK.",,72120.0,R,31,low
TEXAS,36,2012,36.0,2012.0,"STOCKMAN, STEVE",233832.0,"MARTIN, MAX",,103262.0,R,31,low
UTAH,1,2014,2014.0,130034.0,"BISHOP, ROB*",84231.0,"MCALEER, DONNA M.",,47809.0,R,31,low
UTAH,1,2012,2012.0,245528.0,"BISHOP, ROB*",175487.0,"MCALEER, DONNA M.",,114876.0,R,31,low
UTAH,2,2014,2014.0,146188.0,"STEWART, CHRIS*",88915.0,"ROBLES, LUZ",,41330.0,R,31,low
UTAH,2,2012,2012.0,248545.0,"STEWART, CHRIS",154523.0,"SEEGMILLER, JAY",,71347.0,R,31,low
UTAH,3,2014,2014.0,142580.0,"CHAFFETZ, ASON*",102952.0,"WONNACOTT, BRIAN",,70893.0,R,31,low
UTAH,3,2012,2012.0,259547.0,"CHAFFETZ, ASON*",198828.0,"SIMONSEN, SOREN D.",,138109.0,R,31,low
UTAH,4,2014,2014.0,147168.0,"LOVE, MIAB.",74936.0,"OWENS, DOUG",,7511.0,R,31,low
UTAH,4,2012,2012.0,245277.0,"LOVE, MIAB.",119035.0,"MATHESON, JIM*",,,,31,low
VIRGINIA,1,2014,209621.0,131861.0,"WITTMAN, ROBERTJ.*",72059.0,"MOSHER, NORMAN",,59802.0,R,31,low
VIRGINIA,1,2012,356806.0,200845.0,"WITTMAN, ROBERT J.*",147036.0,"COOK, ADAM M.",,53809.0,R,31,low
VIRGINIA,2,2014,173060.0,101558.0,"RIGELL, E. SCOTT*",71178.0,"PATRICK, SUZANNE",,30380.0,R,31,low
VIRGINIA,2,2012,309222.0,166231.0,"RIGELL, E. SCOTT*",142548.0,"HIRSCHBIEL, PAUL O. JR.",,23683.0,R,31,low
VIRGINIA,3,2014,147402.0,139197.0,"SCOTT, ROBERT C. BOBBY*",8205.0,,,139197.0,D,31,low
VIRGINIA,3,2012,318936.0,58931.0,"LONGO, DEANJ.",259199.0,"SCOTT, ROBERT C. BOBBY*",,200268.0,D,31,low
VIRGINIA,4,2014,200638.0,120684.0,"FORBES,.RANDY*",75270.0,"FAUSZ, ELLIOTT",,45414.0,R,31,low
VIRGINIA,4,2012,350046.0,199292.0,"FORBES, . RANDY*",150190.0,"WARD, ELLA P.",,49102.0,R,31,low
VIRGINIA,5,2014,204945.0,124735.0,"HURT, ROBERT*",73482.0,"GAUGHAN, WALTER LAWRENCE",,51253.0,R,31,low
VIRGINIA,5,2012,348111.0,193009.0,"HURT, ROBERT*",149214.0,"DOUGLASS, JOHN WADE",,43795.0,R,31,low
VIRGINIA,6,2014,179708.0,133898.0,"GOODLATTE, BOB*",45810.0,,,133898.0,R,31,low
VIRGINIA,6,2012,323893.0,211278.0,"GOODLATTE, BOB*",111949.0,"SCHMOOKLER, ANDY",,99329.0,R,31,low
VIRGINIA,7,2014,243351.0,148026.0,"BRAT, DAVE",89914.0,"TRAMMELL, JOHN K. JACK",,58112.0,R,31,low
VIRGINIA,7,2012,381909.0,222983.0,"CANTOR, ERIC .*",158012.0,"POWELL, E. WAYNE",,64971.0,R,31,low
VIRGINIA,8,2014,203076.0,63810.0,"EDMOND, MICAH",128102.0,"BEYER, DONALD S.JR.",,64292.0,D,31,low
VIRGINIA,8,2012,351187.0,107370.0,"MURRAY, J. PATRICK",226847.0,"MORAN, JAMES P. JR.*",,119477.0,D,31,low
VIRGINIA,9,2014,162815.0,117465.0,"GRIFFITH, H. MORGAN*",45350.0,,,117465.0,R,31,low
VIRGINIA,9,2012,301658.0,184882.0,Ww,116400.0,"GRIFFITH, H. MORGAN*",,,,31,low
VIRGINIA,10,2014,10.0,222910.0,"COMSTOCK, BARBARA",125914.0,"FOUST, JOHN",,35957.0,R,31,low
VIRGINIA,10,2012,10.0,366444.0,"WOLF, FRANK R.*",214038.0,"CABRAL, KRISTIN A.",,72014.0,R,31,low
VIRGINIA,11,2014,11.0,187787.0,"SCHOLTE, SUZANNE",75796.0,"CONNOLLY, GERALD E. GERRY*",,30984.0,D,31,low
VIRGINIA,11,2012,332243.0,117902.0,"PERKINS, CHRIS S.",202606.0,"CONNOLLY, GERALD E. GERRY*",,84704.0,D,31,low
WASHINGTON,1,2014,2014.0,225579.0,"CELIS, PEDRO",101428.0,"DELBENE, SUZAN K.*",,22723.0,D,31,low
WASHINGTON,1,2012,2012.0,328212.0,"KOSTER, JOHN",151187.0,"DELBENE, SUZAN K.*",,25838.0,D,31,low
WASHINGTON,2,2014,2014.0,201691.0,"GUILLOT, B. J.",79518.0,"LARSEN, RICK*",,42655.0,D,31,low
WASHINGTON,2,2012,22.0,2012.0,"MATTHEWS, DAN",302291.0,"LARSEN, RICK*",,67361.0,D,31,low
WASHINGTON,3,2014,2014.0,202814.0,"BEUTLER, JAIME HERRERA*",124796.0,"DINGETHAL, BOB",,46778.0,R,31,low
WASHINGTON,3,2012,32012.0,293884.0,"BEUTLER, JAIME HERRERA*",177446.0,"HAUGEN, JON T.",,61008.0,R,31,low
WASHINGTON,4,2014,2014.0,153079.0,"NEWHOUSE, DAN",77772.0,,,77772.0,R,31,low
WASHINGTON,4,2012,2012.0,233689.0,"HASTINGS, DOC*",154749.0,"BAECHLER, MARY",,75809.0,R,31,low
WASHINGTON,5,2014,2014.0,223242.0,"RODGERS, CATHY MCMORRIS*",135470.0,"PAKOOTAS, JOSEPH",,47698.0,R,31,low
WASHINGTON,5,2012,2012.0,308578.0,"RODGERS, CATHY MCMORRIS*",191066.0,"COWAN, RICH",,73554.0,R,31,low
WASHINGTON,6,2014,2014.0,224290.0,"MCCLENDON, MARTIN MARTY",83025.0,"KILMER, DEREK*",,58240.0,D,31,low
WASHINGTON,6,2012,2012.0,316386.0,"DRISCOLL, BILL",129725.0,"KILMER, DEREK",,56936.0,D,31,low
WASHINGTON,7,2014,2014.0,251875.0,"KELLER, CRAIG",47921.0,"MCDERMOTT, IM*",,156033.0,D,31,low
WASHINGTON,7,2012,2012.0,374580.0,"BEMIS, RON",76212.0,"MCDERMOTT, IM*",,222156.0,D,31,low
WASHINGTON,8,2014,2014.0,198744.0,"REICHERT, DAVID Gr.*",125741.0,"RITCHIE, JASON",,52738.0,R,31,low
WASHINGTON,8,2012,2012.0,302090.0,"REICHERT, DAVID Gr.*",180204.0,"PORTERFIELD, KAREN",,58318.0,R,31,low
WASHINGTON,9,2014,2014.0,166794.0,"BASLER, DOUG",48662.0,"SMITH, ADAM*",,69470.0,D,31,low
WASHINGTON,9,2012,2012.0,268139.0,"POSTMA, JAMES",76105.0,"SMITH, ADAM*",,115929.0,D,31,low
WASHINGTON,10,2014,10.0,2014.0,". MCDONALD, JOYCE",181492.0,"HECK, DENNY*",,17066.0,D,31,low
WASHINGTON,10,2012,10.0,2012.0,"MURI, RICHARD",278417.0,"HECK, DENNY",,47655.0,D,31,low
WEST VIRGINIA,1,2014,2014.0,144600.0,"MCKINLEY, DAVID B.*",92491.0,"GAINER, GLEN B. III",,40382.0,R,31,low
WEST VIRGINIA,1,2012,2012.0,214151.0,"MCKINLEY, DAVID B.*",133809.0,"THORN, SUE",,53467.0,R,31,low
WEST VIRGINIA,2,2014,2014.0,154238.0,"MOONEY, ALEXANDER X.",72619.0,"CASEY, NICK",,4932.0,R,31,low
WEST VIRGINIA,2,2012,2012.0,226766.0,"CAPITO, SHELLEY MOORE*",158206.0,"SWINT, HOWARD",,89646.0,R,31,low
WEST VIRGINIA,3,2014,2014.0,140401.0,"JENKINS, EVAN H.",77713.0,"RAHALL, NICK. II*",,15025.0,R,31,low
WEST VIRGINIA,3,2012,2012.0,200437.0,"SNUFFER, RICK",92238.0,"RAHALL, NICK J. II*",,15961.0,D,31,low
WISCONSIN,1,2014,2014.0,288170.0,"RYAN, PAUL*",182316.0,"ZERBAN, ROB",,76764.0,R,31,low
WISCONSIN,1,2012,2012.0,365058.0,"RYAN, PAUL*",200423.0,"ZEBRAN, ROB",,42009.0,R,31,low
WISCONSIN,2,2014,2014.0,328847.0,"THERON, PETER",103619.0,"POCAN, MARK*",,121301.0,D,31,low
WISCONSIN,2,2012,2012.0,390898.0,"LEE, CHAD",124683.0,"POCAN, MARK",,140739.0,D,31,low
WISCONSIN,3,2014,2014.0,275161.0,"KURTZ, TONY",119540.0,"KIND, RON*",,35828.0,D,31,low
WISCONSIN,3,2012,2012.0,339764.0,"BOLAND, RAY",121713.0,"KIND, RON*",,95999.0,D,31,low
WISCONSIN,4,2014,2012.0,325788.0,"SEBRING, DAN",80787.0,"MOORE, GWEN",,154470.0,D,31,low
WISCONSIN,4,2012,2014.0,332826.0,"SENSENBRENNER, F. JAMES R.*",231160.0,"ROCKWOOD, CHRIS B.",,129970.0,R,31,low
WISCONSIN,5,2014,2012.0,369664.0,"SENSENBRENNER, F. JAMES JR.*",250335.0,"HEASTER, DAVE",,131857.0,R,31,low
WISCONSIN,5,2012,2014.0,299033.0,"GROTHMAN, GLENN",169767.0,"HARRIS, MARK L.",,47555.0,R,31,low
WISCONSIN,6,2014,2012.0,359745.0,"PETRI, THOMAS E.*",223460.0,"KALLAS, JOSEPH C.",,87539.0,R,31,low
WISCONSIN,6,2012,2014.0,286603.0,"DUFFY, SEAN P.*",169891.0,"WESTLUND, KELLY",,56942.0,R,31,low
WISCONSIN,7,2014,2012.0,359669.0,"DUFFY, SEAN P.*",201720.0,"KREITLOW, PAT",,44196.0,R,31,low
WISCONSIN,7,2012,101345.0,150.0,"GRUETT, RON",87208.0,,,87208.0,R,31,low
WISCONSIN,8,2014,2012.0,355464.0,"RIBBLE, REID.*",198874.0,"WALL, JAMIE",,42587.0,R,31,low
