year,state_po,district,off_total,off_dem,off_rep,our_dem,our_rep,our_total,n_counties,rel_tot,rel_dem,rel_rep,status_tot
1990,AL,01,82530,0,82185,0,80819,80819,6,-0.02073185508300012,NA,-0.016621037902293606,BAD (>=2%)
1990,AL,02,170911,83243,87649,83243,87649,170892,13,-1.1116897098489857e-4,0,0,ok (<0.05%)
1990,AL,03,138242,101923,36317,101923,36317,138240,13,-1.4467383284385354e-5,0,0,ok (<0.05%)
1990,AL,04,130212,129872,0,129872,0,129872,14,-0.0026111264706785856,0,NA,small (<0.5%)
1990,AL,05,168383,113047,55326,113047,55326,168373,7,-5.938841807070785e-5,0,0,ok (<0.05%)
1990,AL,06,145741,134412,0,134412,0,144797,1,-0.006477243877838082,0,NA,check (0.5-2%)
1990,AL,07,180844,127490,53258,127490,53258,180748,14,-5.308442635641768e-4,0,0,small (<0.5%)
1990,AZ,01,167016,0,166223,0,166223,167016,1,0,NA,0,ok (<0.05%)
1990,AZ,02,116179,76549,39586,76549,39586,116179,5,0,0,0,ok (<0.05%)
1990,AZ,03,237297,0,237297,103018,134279,237297,6,0,NA,-0.4341310678179665,ok (<0.05%)
1990,AZ,04,231238,89395,141843,89395,141843,231238,5,0,0,0,ok (<0.05%)
1990,AZ,05,214617,75642,138975,75642,138975,214617,7,0,0,0,ok (<0.05%)
1990,AR,04,152495,110365,42130,110365,42130,152495,23,0,0,0,ok (<0.05%)
1990,CA,01,230261,96468,99782,96468,99782,230261,6,0,0,0,ok (<0.05%)
1990,CA,02,209401,65333,133315,65333,133315,209401,12,0,0,0,ok (<0.05%)
1990,CA,03,219088,132143,76148,132143,76148,219088,1,0,0,0,ok (<0.05%)
1990,CA,04,210454,115090,82738,115090,82738,210454,3,0,0,0,ok (<0.05%)
1990,CA,05,156304,120633,35671,120633,35671,156304,1,0,0,0,ok (<0.05%)
1990,CA,06,201708,137306,64402,137306,64402,201708,4,0,0,0,ok (<0.05%)
1990,CA,07,200111,121080,79031,121080,79031,200111,1,0,0,0,ok (<0.05%)
1990,CA,08,195189,119645,75544,119645,75544,195189,2,0,0,0,ok (<0.05%)
1990,CA,09,162151,94739,67412,94739,67412,162151,1,0,0,0,ok (<0.05%)
1990,CA,10,130637,81875,48747,81875,48747,130637,2,0,0,0,ok (<0.05%)
1990,CA,11,159365,105029,45818,105029,45818,159365,1,0,0,0,ok (<0.05%)
1990,CA,12,205698,69270,125157,69270,125157,205698,3,0,0,0,ok (<0.05%)
1990,CA,13,167646,97286,59773,97286,59773,167646,1,0,0,0,ok (<0.05%)
1990,CA,14,248781,0,128039,120742,128039,248781,10,0,NA,0,ok (<0.05%)
1990,CA,15,146781,97147,49634,97147,49634,146781,4,0,0,0,ok (<0.05%)
1990,CA,16,181002,134236,39885,134236,39885,181002,4,0,0,0,ok (<0.05%)
1990,CA,17,151459,82611,68848,82611,68848,151459,4,0,0,0,ok (<0.05%)
1990,CA,19,173245,76991,94599,76991,94599,173245,2,0,0,0,ok (<0.05%)
1990,CA,20,188925,65101,112962,65101,112962,188925,4,0,0,0,ok (<0.05%)
1990,CA,21,202611,68921,118326,68921,118326,202611,2,0,0,0,ok (<0.05%)
1990,CA,22,180929,61630,108634,61630,108634,180929,1,0,0,0,ok (<0.05%)
1990,CA,23,167093,103141,57118,103141,57118,167093,1,0,0,0,ok (<0.05%)
1990,CA,24,103875,71562,26607,71562,26607,103875,1,0,0,0,ok (<0.05%)
1990,CA,25,68717,48120,17021,48120,17021,68717,1,0,0,0,ok (<0.05%)
1990,CA,26,127791,78031,44492,78031,44492,127791,1,0,0,0,ok (<0.05%)
1990,CA,27,156098,90857,58140,90857,58140,156098,1,0,0,0,ok (<0.05%)
1990,CA,28,95600,69482,21245,69482,21245,95600,1,0,0,0,ok (<0.05%)
1990,CA,29,64672,0,12054,51350,12054,64672,1,0,NA,0,ok (<0.05%)
1990,CA,30,78083,45456,28914,45456,28914,78083,1,0,0,0,ok (<0.05%)
1990,CA,31,83987,56394,0,56394,27593,83987,1,0,0,NA,ok (<0.05%)
1990,CA,32,110960,68268,42692,68268,42692,110960,1,0,0,0,ok (<0.05%)
1990,CA,33,159157,49981,101336,49981,101336,159157,1,0,0,0,ok (<0.05%)
1990,CA,34,91670,55646,36024,55646,36024,91670,1,0,0,0,ok (<0.05%)
1990,CA,35,200722,66100,121602,66100,121602,200722,2,0,0,0,ok (<0.05%)
1990,CA,36,137370,72409,64961,72409,64961,137370,2,0,0,0,ok (<0.05%)
1990,CA,37,232082,103961,115469,103961,115469,232082,1,0,0,0,ok (<0.05%)
1990,CA,38,104254,43693,60561,43693,60561,104254,2,0,0,0,ok (<0.05%)
1990,CA,39,174228,53670,113849,53670,113849,174228,1,0,0,0,ok (<0.05%)
1990,CA,40,210386,68087,142299,68087,142299,210386,1,0,0,0,ok (<0.05%)
1990,CA,41,214737,93586,105723,93586,105723,214737,1,0,0,0,ok (<0.05%)
1990,CA,42,184286,67189,109353,67189,109353,184286,2,0,0,0,ok (<0.05%)
1990,CA,43,222138,0,151206,0,151206,222138,2,0,NA,0,ok (<0.05%)
1990,CA,44,108711,48712,50377,48712,50377,108711,1,0,0,0,ok (<0.05%)
1990,CA,45,169659,0,123591,0,123591,169659,2,0,NA,0,ok (<0.05%)
1990,CO,01,128978,82176,46802,NA,NA,NA,NA,NA,NA,NA,MISSING
1990,CO,02,173474,105248,68226,NA,NA,NA,NA,NA,NA,NA,MISSING
1990,CO,03,177363,124487,49961,NA,NA,NA,NA,NA,NA,NA,MISSING
1990,CO,04,165186,75901,89285,NA,NA,NA,NA,NA,NA,NA,MISSING
1990,CO,05,192277,57776,127740,NA,NA,NA,NA,NA,NA,NA,MISSING
1990,CO,06,163273,57961,105312,NA,NA,NA,NA,NA,NA,NA,MISSING
1990,CT,02,176015,105085,70922,NA,NA,NA,NA,NA,NA,NA,MISSING
1990,CT,03,174212,0,174212,NA,NA,NA,NA,NA,NA,NA,MISSING
1990,CT,04,138068,32352,105682,NA,NA,NA,NA,NA,NA,NA,MISSING
1990,CT,05,181608,85803,93912,NA,NA,NA,NA,NA,NA,NA,MISSING
1990,CT,06,189733,48628,141105,NA,NA,NA,NA,NA,NA,NA,MISSING
1990,FL,01,169267,88416,80851,NA,NA,NA,NA,NA,NA,NA,MISSING
1990,FL,02,180971,103032,77939,NA,NA,NA,NA,NA,NA,NA,MISSING
1990,FL,03,116007,84280,31727,NA,NA,NA,NA,NA,NA,NA,MISSING
1990,FL,04,216228,95320,120895,NA,NA,NA,NA,NA,NA,NA,MISSING
1990,FL,05,157706,63253,94453,NA,NA,NA,NA,NA,NA,NA,MISSING
1990,FL,06,234029,95421,138588,NA,NA,NA,NA,NA,NA,NA,MISSING
1990,FL,07,147229,99464,47765,NA,NA,NA,NA,NA,NA,NA,MISSING
1990,FL,09,244666,102503,142163,NA,NA,NA,NA,NA,NA,NA,MISSING
1990,FL,11,232961,120991,111970,NA,NA,NA,NA,NA,NA,NA,MISSING
1990,FL,14,236304,156055,80249,NA,NA,NA,NA,NA,NA,NA,MISSING
1990,FL,15,106669,0,104295,NA,NA,NA,NA,NA,NA,NA,MISSING
1990,FL,17,101599,79569,22029,NA,NA,NA,NA,NA,NA,NA,MISSING
1990,FL,18,93343,36978,56364,NA,NA,NA,NA,NA,NA,NA,MISSING
1990,FL,19,141492,87696,53796,NA,NA,NA,NA,NA,NA,NA,MISSING
1990,GA,01,113047,80515,32532,80515,32532,113047,20,0,0,0,ok (<0.05%)
1990,GA,02,106691,77910,28781,77910,28781,106691,30,0,0,0,ok (<0.05%)
1990,GA,03,115522,72961,42561,72961,42561,115522,21,0,0,0,ok (<0.05%)
1990,GA,04,184095,96526,87569,96526,87569,184095,4,0,0,0,ok (<0.05%)
1990,GA,05,113818,86037,27781,86037,27781,113818,2,0,0,0,ok (<0.05%)
1990,GA,06,156562,77794,78768,77794,78768,156562,12,0,0,0,ok (<0.05%)
1990,GA,07,159405,0,63588,95817,63588,159405,7,0,NA,0,ok (<0.05%)
1990,GA,08,118324,81344,0,81344,36980,118324,30,0,0,NA,ok (<0.05%)
1990,GA,09,172318,96197,76121,96197,76121,172318,22,0,0,0,ok (<0.05%)
1990,GA,10,153867,89683,64184,89683,64184,153867,15,0,0,0,ok (<0.05%)
1990,ID,01,160460,85054,75406,NA,NA,NA,NA,NA,NA,NA,MISSING
1990,ID,02,154052,99008,56044,NA,NA,NA,NA,NA,NA,NA,MISSING
1990,IL,01,107598,100890,6708,100890,6708,107598,1,0,0,0,ok (<0.05%)
1990,IL,02,102595,80245,22350,80245,22350,102595,1,0,0,0,ok (<0.05%)
1990,IL,03,155811,110512,45299,110512,45299,155811,1,0,0,0,ok (<0.05%)
1990,IL,04,130548,77290,53258,77290,53258,130548,4,0,0,0,ok (<0.05%)
1990,IL,05,111246,0,34440,73805,34440,111246,1,0,NA,0,ok (<0.05%)
1990,IL,06,144565,48155,96410,48155,96410,144565,2,0,0,0,ok (<0.05%)
1990,IL,07,100120,80021,20099,80021,20099,100120,1,0,0,0,ok (<0.05%)
1990,IL,08,88680,70151,0,70151,0,88680,1,0,0,NA,ok (<0.05%)
1990,IL,09,135588,96557,39031,96557,39031,135588,1,0,0,0,ok (<0.05%)
1990,IL,10,153599,47286,104070,47286,104070,153599,2,0,0,0,ok (<0.05%)
1990,IL,11,154245,82703,0,82703,68850,154245,1,0,0,NA,ok (<0.05%)
1990,IL,12,137531,0,113081,0,113081,137531,3,0,NA,0,ok (<0.05%)
1990,IL,13,176353,60305,116048,60305,116048,176353,3,0,0,0,ok (<0.05%)
1990,IL,14,167975,55592,112383,55592,112383,167975,9,0,0,0,ok (<0.05%)
1990,IL,15,119822,0,119812,0,119812,119822,13,0,NA,0,ok (<0.05%)
1990,IL,16,152166,83061,69105,83061,69105,152166,8,0,0,0,ok (<0.05%)
1990,IL,17,153442,102062,51380,102062,51380,153442,14,0,0,0,ok (<0.05%)
1990,IL,18,107370,0,105693,0,105693,107370,16,0,NA,0,ok (<0.05%)
1990,IL,19,171888,113958,55680,113958,55680,171888,18,0,0,0,ok (<0.05%)
1990,IL,20,196547,130114,66433,130114,66433,196547,14,0,0,0,ok (<0.05%)
1990,IL,21,144157,95208,0,95208,48949,144157,5,0,0,NA,ok (<0.05%)
1990,IL,22,165321,0,0,138425,0,165321,21,0,NA,NA,ok (<0.05%)
1990,IN,01,104370,68920,35450,68920,35450,104370,3,0,0,0,ok (<0.05%)
1990,IN,02,157475,93495,63980,93495,63980,157475,11,0,0,0,ok (<0.05%)
1990,IN,03,158651,80740,77911,80740,77911,158651,6,0,0,0,ok (<0.05%)
1990,IN,04,163762,99347,64415,99347,64415,163971,10,0.0012762423517055238,0,0,small (<0.5%)
1990,IN,05,153123,81373,71750,81373,71750,153123,14,0,0,0,ok (<0.05%)
1990,IN,06,183494,67024,116470,67024,116470,183494,11,0,0,0,ok (<0.05%)
1990,IN,07,153846,65248,88598,65248,88598,154550,14,0.004576004576004576,0,0,small (<0.5%)
1990,IN,08,178110,97465,80645,97465,80645,178110,15,0,0,0,ok (<0.05%)
1990,IN,09,155851,107526,48325,107526,48325,155851,21,0,0,0,ok (<0.05%)
1990,IN,10,104411,69362,35049,69362,35049,104411,1,0,0,0,ok (<0.05%)
1990,IA,01,90193,0,90042,NA,NA,NA,NA,NA,NA,NA,MISSING
1990,IA,02,166106,81008,82650,NA,NA,NA,NA,NA,NA,NA,MISSING
1990,IA,03,101780,100947,0,NA,NA,NA,NA,NA,NA,NA,MISSING
1990,IA,04,130590,127812,0,NA,NA,NA,NA,NA,NA,NA,MISSING
1990,IA,05,147012,47022,99978,NA,NA,NA,NA,NA,NA,NA,MISSING
1990,IA,06,156459,44063,112333,NA,NA,NA,NA,NA,NA,NA,MISSING
1990,KS,01,164388,61396,102974,61396,102974,164370,58,-1.0949704357982334e-4,0,0,ok (<0.05%)
1990,KS,02,157745,99093,58643,99093,58643,157736,13,-5.705410631081809e-5,0,0,ok (<0.05%)
1990,KS,03,147726,58923,88725,58923,88725,147648,4,-5.28004548962268e-4,0,0,small (<0.5%)
1990,KS,04,158316,112015,46283,112015,46283,158298,5,-1.1369665731827485e-4,0,0,ok (<0.05%)
1990,KS,05,152823,62244,90555,62244,90555,152799,25,-1.5704442394142242e-4,0,0,ok (<0.05%)
1990,KY,01,98202,0,0,85323,0,98202,24,0,NA,NA,ok (<0.05%)
1990,KY,02,116681,0,39624,77057,39624,116681,18,0,NA,0,ok (<0.05%)
1990,KY,03,139938,84750,55188,84750,55188,139938,1,0,0,0,ok (<0.05%)
1990,KY,04,146659,44979,101680,44979,101680,146659,12,0,0,0,ok (<0.05%)
1990,KY,07,120707,61330,0,61330,59377,120707,23,0,0,NA,ok (<0.05%)
1990,LA,03,176822,155351,0,155251,0,176717,10,-5.938175113956409e-4,-6.437036131083804e-4,NA,small (<0.5%)
1990,LA,04,164247,74388,0,74388,89859,164247,9,0,0,NA,ok (<0.05%)
1990,LA,05,174294,152187,16331,152167,16331,173874,20,-0.0024097215050432027,-1.314172695433907e-4,0,small (<0.5%)
1990,LA,07,179207,110677,68530,110677,68430,179107,9,-5.580139168670867e-4,0,-0.0014592149423610099,small (<0.5%)
1990,LA,08,201288,59511,113607,87681,113607,201288,15,0,0.4733578666128951,0,ok (<0.05%)
1990,MD,03,118386,82545,35841,82545,35841,118386,3,0,0,0,ok (<0.05%)
1990,MD,04,145447,85601,59846,85601,59846,145447,3,0,0,0,ok (<0.05%)
1990,MD,05,105061,84747,20314,84747,20314,105061,1,0,0,0,ok (<0.05%)
1990,MD,06,162981,106502,56479,106502,56479,162981,7,0,0,0,ok (<0.05%)
1990,MD,07,70160,59628,10529,59628,10529,70160,2,0,0,0,ok (<0.05%)
1990,MD,08,176887,39343,130059,39343,130059,176887,1,0,0,0,ok (<0.05%)
1990,MA,01,194504,43611,0,NA,NA,NA,NA,NA,NA,NA,MISSING
1990,MA,03,151910,150992,0,NA,NA,NA,NA,NA,NA,NA,MISSING
1990,MA,04,218969,143473,0,NA,NA,NA,NA,NA,NA,NA,MISSING
1990,MA,05,211334,110232,101017,NA,NA,NA,NA,NA,NA,NA,MISSING
1990,MA,06,229546,149284,80177,NA,NA,NA,NA,NA,NA,NA,MISSING
1990,MA,07,155509,155380,0,NA,NA,NA,NA,NA,NA,NA,MISSING
1990,MA,08,173689,125479,39310,NA,NA,NA,NA,NA,NA,NA,MISSING
1990,MA,09,177248,124534,0,NA,NA,NA,NA,NA,NA,NA,MISSING
1990,MA,10,258061,137805,120217,NA,NA,NA,NA,NA,NA,NA,MISSING
1990,MA,11,145972,145480,0,NA,NA,NA,NA,NA,NA,NA,MISSING
1990,MI,01,85756,76556,7298,NA,NA,NA,NA,NA,NA,NA,MISSING
1990,MI,02,149766,49678,95962,NA,NA,NA,NA,NA,NA,NA,MISSING
1990,MI,03,142390,82376,60007,NA,NA,NA,NA,NA,NA,NA,MISSING
1990,MI,04,131302,55449,75850,NA,NA,NA,NA,NA,NA,NA,MISSING
1990,MI,05,167498,41170,126308,NA,NA,NA,NA,NA,NA,NA,MISSING
1990,MI,06,97791,97547,0,NA,NA,NA,NA,NA,NA,NA,MISSING
1990,MI,07,132068,90307,41759,NA,NA,NA,NA,NA,NA,NA,MISSING
1990,MI,08,144165,98903,45259,NA,NA,NA,NA,NA,NA,NA,MISSING
1990,MI,09,162694,73604,0,NA,NA,NA,NA,NA,NA,NA,MISSING
1990,MI,10,153716,50923,99952,NA,NA,NA,NA,NA,NA,NA,MISSING
1990,MI,11,154316,59759,94555,NA,NA,NA,NA,NA,NA,NA,MISSING
1990,MI,12,151825,98232,51119,NA,NA,NA,NA,NA,NA,NA,MISSING
1990,MI,13,67824,54345,11203,NA,NA,NA,NA,NA,NA,NA,MISSING
1990,MI,14,123421,78506,40499,NA,NA,NA,NA,NA,NA,NA,MISSING
1990,MI,15,112335,68742,41092,NA,NA,NA,NA,NA,NA,NA,MISSING
1990,MI,16,133614,88962,42629,NA,NA,NA,NA,NA,NA,NA,MISSING
1990,MI,17,132314,92205,40100,NA,NA,NA,NA,NA,NA,NA,MISSING
1990,MI,18,190834,64185,126629,NA,NA,NA,NA,NA,NA,NA,MISSING
1990,MN,01,200663,156749,0,156749,43856,200605,16,-2.890418263456641e-4,0,NA,ok (<0.05%)
1990,MN,02,204404,77935,0,77935,126367,204302,31,-4.990117610222892e-4,0,NA,ok (<0.05%)
1990,MN,03,292852,96395,0,96395,195833,292228,5,-0.0021307691257017197,0,NA,small (<0.5%)
1990,MN,04,221396,143353,0,143353,77639,220992,3,-0.0018247845489530073,0,NA,small (<0.5%)
1990,MN,05,198886,144682,0,144682,53720,198402,1,-0.002433554900797442,0,NA,small (<0.5%)
1990,MN,06,255219,164816,0,164816,90138,254954,6,-0.0010383239492357543,0,NA,small (<0.5%)
1990,MN,07,200186,107126,0,107126,92876,200002,23,-9.191451949686791e-4,0,NA,small (<0.5%)
1990,MN,08,207312,151145,0,151145,56068,207213,17,-4.7754109747626767e-4,0,NA,ok (<0.05%)
1990,MS,01,67318,43668,23650,NA,NA,NA,NA,NA,NA,NA,MISSING
1990,MS,02,70617,59393,11224,NA,NA,NA,NA,NA,NA,NA,MISSING
1990,MS,04,70891,57137,13754,NA,NA,NA,NA,NA,NA,NA,MISSING
1990,MS,05,110514,89926,20588,NA,NA,NA,NA,NA,NA,NA,MISSING
1990,MO,03,156609,88950,67659,NA,NA,NA,NA,NA,NA,NA,MISSING
1990,MO,04,170622,105527,65095,NA,NA,NA,NA,NA,NA,NA,MISSING
1990,MO,05,115787,71890,43897,NA,NA,NA,NA,NA,NA,NA,MISSING
1990,MO,06,152049,73093,78956,NA,NA,NA,NA,NA,NA,NA,MISSING
1990,MO,07,160334,0,83609,NA,NA,NA,NA,NA,NA,NA,MISSING
1990,MO,08,142203,60751,81452,NA,NA,NA,NA,NA,NA,NA,MISSING
1990,MO,09,163670,94156,69514,NA,NA,NA,NA,NA,NA,NA,MISSING
1990,NE,01,200381,70587,129654,70587,129654,200381,27,0,0,0,ok (<0.05%)
1990,NE,02,193421,111903,80845,111903,80845,193421,5,0,0,0,ok (<0.05%)
1990,NE,03,192944,94234,98607,94234,98607,192944,62,0,0,0,ok (<0.05%)
1990,NV,01,137852,84650,47377,NA,NA,NA,NA,NA,NA,NA,MISSING
1990,NV,02,175209,59581,103508,NA,NA,NA,NA,NA,NA,NA,MISSING
1990,NH,01,148368,66176,81684,NA,NA,NA,NA,NA,NA,NA,MISSING
1990,NH,02,142263,74866,67225,NA,NA,NA,NA,NA,NA,NA,MISSING
1990,NJ,02,110818,97698,0,NA,NA,NA,NA,NA,NA,NA,MISSING
1990,NJ,03,158643,77866,73696,NA,NA,NA,NA,NA,NA,NA,MISSING
1990,NJ,04,159299,54961,99920,NA,NA,NA,NA,NA,NA,NA,MISSING
1990,NJ,05,156109,35010,118101,NA,NA,NA,NA,NA,NA,NA,MISSING
1990,NJ,06,126022,63745,58147,NA,NA,NA,NA,NA,NA,NA,MISSING
1990,NJ,07,134072,31099,100066,NA,NA,NA,NA,NA,NA,NA,MISSING
1990,NJ,08,72540,55797,0,NA,NA,NA,NA,NA,NA,NA,MISSING
1990,NJ,09,154766,82535,69658,NA,NA,NA,NA,NA,NA,NA,MISSING
1990,NJ,10,51703,42106,8954,NA,NA,NA,NA,NA,NA,NA,MISSING
1990,NJ,11,143686,47414,92681,NA,NA,NA,NA,NA,NA,NA,MISSING
1990,NJ,12,168390,52256,107851,NA,NA,NA,NA,NA,NA,NA,MISSING
1990,NJ,13,1,67587,99688,NA,NA,NA,NA,NA,NA,NA,MISSING
1990,NJ,14,85276,56455,25179,NA,NA,NA,NA,NA,NA,NA,MISSING
1990,NM,01,138681,41306,97375,NA,NA,NA,NA,NA,NA,NA,MISSING
1990,NM,03,139976,104225,35751,NA,NA,NA,NA,NA,NA,NA,MISSING
1990,NY,01,133585,0,51491,NA,NA,NA,NA,NA,NA,NA,MISSING
1990,NY,02,101731,56722,0,NA,NA,NA,NA,NA,NA,NA,MISSING
1990,NY,03,137033,0,4915,NA,NA,NA,NA,NA,NA,NA,MISSING
1990,NY,04,129661,41308,6706,NA,NA,NA,NA,NA,NA,NA,MISSING
1990,NY,05,131868,0,6000,NA,NA,NA,NA,NA,NA,NA,MISSING
1990,NY,06,60641,0,16335,NA,NA,NA,NA,NA,NA,NA,MISSING
1990,NY,08,78042,NA,NA,NA,NA,NA,NA,NA,NA,NA,MISSING
1990,NY,09,54644,35177,13330,NA,NA,NA,NA,NA,NA,NA,MISSING
1990,NY,10,76431,NA,NA,NA,NA,NA,NA,NA,NA,NA,MISSING
1990,NY,11,39056,0,0,NA,NA,NA,NA,NA,NA,NA,MISSING
1990,NY,12,42750,0,0,NA,NA,NA,NA,NA,NA,NA,MISSING
1990,NY,13,59003,NA,NA,NA,NA,NA,NA,NA,NA,NA,MISSING
1990,NY,14,97611,0,4370,NA,NA,NA,NA,NA,NA,NA,MISSING
1990,NY,15,90037,0,0,NA,NA,NA,NA,NA,NA,NA,MISSING
1990,NY,18,40796,0,1189,NA,NA,NA,NA,NA,NA,NA,MISSING
1990,NY,19,74761,0,17135,NA,NA,NA,NA,NA,NA,NA,MISSING
1990,NY,20,130808,82203,35575,NA,NA,NA,NA,NA,NA,NA,MISSING
1990,NY,21,139919,34128,5925,NA,NA,NA,NA,NA,NA,NA,MISSING
1990,NY,22,139185,37034,102151,NA,NA,NA,NA,NA,NA,NA,MISSING
1990,NY,23,182999,0,65760,NA,NA,NA,NA,NA,NA,NA,MISSING
1990,NY,24,177877,56671,0,NA,NA,NA,NA,NA,NA,NA,MISSING
1990,NY,25,108829,0,91348,NA,NA,NA,NA,NA,NA,NA,MISSING
1990,NY,27,150755,0,3097,NA,NA,NA,NA,NA,NA,NA,MISSING
1990,NY,28,150892,97815,53077,NA,NA,NA,NA,NA,NA,NA,MISSING
1990,NY,29,141417,34835,93983,NA,NA,NA,NA,NA,NA,NA,MISSING
1990,NY,30,164814,97280,0,NA,NA,NA,NA,NA,NA,NA,MISSING
1990,NY,31,159565,NA,NA,NA,NA,NA,NA,NA,NA,NA,MISSING
1990,NY,32,124273,0,39053,NA,NA,NA,NA,NA,NA,NA,MISSING
1990,NY,33,109546,0,18181,NA,NA,NA,NA,NA,NA,NA,MISSING
1990,NY,34,129059,37421,0,NA,NA,NA,NA,NA,NA,NA,MISSING
1990,NC,01,163358,105832,57526,NA,NA,NA,NA,NA,NA,NA,MISSING
1990,NC,02,175242,0,44263,NA,NA,NA,NA,NA,NA,NA,MISSING
1990,NC,03,141535,83930,57605,NA,NA,NA,NA,NA,NA,NA,MISSING
1990,NC,04,240057,139396,100661,NA,NA,NA,NA,NA,NA,NA,MISSING
1990,NC,05,192561,113814,78747,NA,NA,NA,NA,NA,NA,NA,MISSING
1990,NC,06,188305,62913,125392,NA,NA,NA,NA,NA,NA,NA,MISSING
1990,NC,07,144627,94946,49681,NA,NA,NA,NA,NA,NA,NA,MISSING
1990,NC,08,179552,0,80852,NA,NA,NA,NA,NA,NA,NA,MISSING
1990,NC,09,212738,80802,131936,NA,NA,NA,NA,NA,NA,NA,MISSING
1990,NC,10,172110,65710,106400,NA,NA,NA,NA,NA,NA,NA,MISSING
1990,NC,11,201309,99318,101991,NA,NA,NA,NA,NA,NA,NA,MISSING
1990,ND,01,233979,152530,81443,NA,NA,NA,NA,NA,NA,NA,MISSING
1990,OH,01,164294,83932,80362,NA,NA,NA,NA,NA,NA,NA,MISSING
1990,OH,02,161162,57345,103817,NA,NA,NA,NA,NA,NA,NA,MISSING
1990,OH,04,168364,64467,103897,NA,NA,NA,NA,NA,NA,NA,MISSING
1990,OH,05,1651920,411693,113615,NA,NA,NA,NA,NA,NA,NA,MISSING
1990,OH,06,1641635,471415,117220,NA,NA,NA,NA,NA,NA,NA,MISSING
1990,OH,07,1561472,0,97123,NA,NA,NA,NA,NA,NA,NA,MISSING
1990,OH,08,1631539,631584,99955,NA,NA,NA,NA,NA,NA,NA,MISSING
1990,OH,09,1511472,117681,331791,NA,NA,NA,NA,NA,NA,NA,MISSING
1990,OH,10,1671665,611656,106009,NA,NA,NA,NA,NA,NA,NA,MISSING
1990,OH,11,1701305,111923,581372,NA,NA,NA,NA,NA,NA,NA,MISSING
1990,OH,12,1811279,501784,130495,NA,NA,NA,NA,NA,NA,NA,MISSING
1990,OH,13,1641862,93431,601925,NA,NA,NA,NA,NA,NA,NA,MISSING
1990,OH,14,1641335,97875,661460,NA,NA,NA,NA,NA,NA,NA,MISSING
1990,OH,15,1671919,681510,99251,NA,NA,NA,NA,NA,NA,NA,MISSING
1990,OH,16,1711613,701516,101097,NA,NA,NA,NA,NA,NA,NA,MISSING
1990,OH,17,1711406,133207,0,NA,NA,NA,NA,NA,NA,NA,MISSING
1990,OH,18,162605,120782,41823,NA,NA,NA,NA,NA,NA,NA,MISSING
1990,OH,19,205266,132951,72315,NA,NA,NA,NA,NA,NA,NA,MISSING
1990,OH,20,149139,109390,39749,NA,NA,NA,NA,NA,NA,NA,MISSING
1990,OH,21,129249,103338,25906,NA,NA,NA,NA,NA,NA,NA,MISSING
1990,OK,01,135139,59521,75618,NA,NA,NA,NA,NA,NA,NA,MISSING
1990,OK,02,148151,90820,57331,NA,NA,NA,NA,NA,NA,NA,MISSING
1990,OK,03,133902,107641,26261,NA,NA,NA,NA,NA,NA,NA,MISSING
1990,OK,04,137111,100879,36232,NA,NA,NA,NA,NA,NA,NA,MISSING
1990,OK,05,164694,50086,114608,NA,NA,NA,NA,NA,NA,NA,MISSING
1990,OK,06,137640,110100,27540,NA,NA,NA,NA,NA,NA,NA,MISSING
1990,OR,01,238259,150292,72382,NA,NA,NA,NA,NA,NA,NA,MISSING
1990,OR,02,188185,60131,0,NA,NA,NA,NA,NA,NA,NA,MISSING
1990,OR,03,210193,169731,40216,NA,NA,NA,NA,NA,NA,NA,MISSING
1990,OR,04,189352,162494,0,NA,NA,NA,NA,NA,NA,NA,MISSING
1990,OR,05,226550,124610,101650,NA,NA,NA,NA,NA,NA,NA,MISSING
1990,PA,01,92441,73423,19018,NA,NA,NA,NA,NA,NA,NA,MISSING
1990,PA,02,102702,94584,8118,NA,NA,NA,NA,NA,NA,NA,MISSING
1990,PA,03,149809,89908,59901,NA,NA,NA,NA,NA,NA,NA,MISSING
1990,PA,04,132583,74114,58469,NA,NA,NA,NA,NA,NA,NA,MISSING
1990,PA,05,131489,50597,75097,NA,NA,NA,NA,NA,NA,NA,MISSING
1990,PA,06,130487,74394,56093,NA,NA,NA,NA,NA,NA,NA,MISSING
1990,PA,07,162160,56292,105868,NA,NA,NA,NA,NA,NA,NA,MISSING
1990,PA,08,150115,85015,65100,NA,NA,NA,NA,NA,NA,NA,MISSING
1990,PA,12,130693,80686,50007,NA,NA,NA,NA,NA,NA,NA,MISSING
1990,PA,13,148544,58967,89577,NA,NA,NA,NA,NA,NA,NA,MISSING
1990,PA,14,108133,77636,30497,NA,NA,NA,NA,NA,NA,NA,MISSING
1990,PA,15,127411,50233,77178,NA,NA,NA,NA,NA,NA,NA,MISSING
1990,PA,16,129445,43849,85596,NA,NA,NA,NA,NA,NA,NA,MISSING
1990,PA,18,166577,80880,85697,NA,NA,NA,NA,NA,NA,NA,MISSING
1990,PA,20,125134,82080,43054,NA,NA,NA,NA,NA,NA,NA,MISSING
1990,PA,22,123884,78375,45509,NA,NA,NA,NA,NA,NA,NA,MISSING
1990,PA,23,131654,53465,78189,NA,NA,NA,NA,NA,NA,NA,MISSING
1990,RI,01,163094,73131,89963,NA,NA,NA,NA,NA,NA,NA,MISSING
1990,RI,02,183771,108818,74953,NA,NA,NA,NA,NA,NA,NA,MISSING
1990,SC,01,123503,42555,80839,42555,80842,123506,7,2.42909079131681e-5,0,3.711080047996635e-5,ok (<0.05%)
1990,SC,02,101529,0,90054,0,90054,101344,5,-0.001822139487240099,NA,0,small (<0.5%)
1990,SC,03,125050,72561,52419,86103,52433,138616,12,0.10848460615753698,0.18662918096498118,2.6707873099448675e-4,BAD (>=2%)
1990,SC,04,133535,81927,51338,81927,51338,133535,3,0,0,0,ok (<0.05%)
1990,SC,05,91898,91775,0,78203,0,78362,10,-0.14729373871030926,-0.1478834105148461,NA,BAD (>=2%)
1990,SC,06,94524,94121,0,94121,0,94540,10,1.6926918031399434e-4,0,NA,ok (<0.05%)
1990,SD,01,257298,173814,83484,NA,NA,NA,NA,NA,NA,NA,MISSING
1990,TN,01,47860,0,47796,NA,NA,NA,NA,NA,NA,NA,MISSING
1990,TN,02,77944,0,62797,NA,NA,NA,NA,NA,NA,NA,MISSING
1990,TN,03,93665,49662,36855,NA,NA,NA,NA,NA,NA,NA,MISSING
1990,TN,04,77276,52101,0,NA,NA,NA,NA,NA,NA,NA,MISSING
1990,TN,05,76760,55607,0,NA,NA,NA,NA,NA,NA,NA,MISSING
1990,TN,06,90768,60538,26424,NA,NA,NA,NA,NA,NA,NA,MISSING
1990,TN,07,106676,40516,66141,NA,NA,NA,NA,NA,NA,NA,MISSING
1990,TN,08,62266,62241,0,NA,NA,NA,NA,NA,NA,NA,MISSING
1990,TN,09,83657,48629,25730,NA,NA,NA,NA,NA,NA,NA,MISSING
1990,TX,01,146195,89241,56954,NA,NA,NA,NA,NA,NA,NA,MISSING
1990,TX,02,138529,76974,61555,NA,NA,NA,NA,NA,NA,NA,MISSING
1990,TX,03,154474,0,153857,NA,NA,NA,NA,NA,NA,NA,MISSING
1990,TX,04,108694,108300,0,NA,NA,NA,NA,NA,NA,NA,MISSING
1990,TX,05,109474,65228,41307,NA,NA,NA,NA,NA,NA,NA,MISSING
1990,TX,06,188130,62344,125049,NA,NA,NA,NA,NA,NA,NA,MISSING
1990,TX,09,138185,79786,58399,NA,NA,NA,NA,NA,NA,NA,MISSING
1990,TX,10,235496,152784,73766,NA,NA,NA,NA,NA,NA,NA,MISSING
1990,TX,11,138079,73810,64269,NA,NA,NA,NA,NA,NA,NA,MISSING
1990,TX,12,137464,98026,39438,NA,NA,NA,NA,NA,NA,NA,MISSING
1990,TX,13,144860,81815,63045,NA,NA,NA,NA,NA,NA,NA,MISSING
1990,TX,14,164349,89251,75098,NA,NA,NA,NA,NA,NA,NA,MISSING
1990,TX,16,65309,62455,0,NA,NA,NA,NA,NA,NA,NA,MISSING
1990,TX,18,54720,54477,0,NA,NA,NA,NA,NA,NA,NA,MISSING
1990,TX,21,193155,48585,144570,NA,NA,NA,NA,NA,NA,NA,MISSING
1990,TX,22,131146,37721,93425,NA,NA,NA,NA,NA,NA,NA,MISSING
1990,TX,23,111908,71052,40856,NA,NA,NA,NA,NA,NA,NA,MISSING
1990,TX,26,210014,62158,0,NA,NA,NA,NA,NA,NA,NA,MISSING
1990,UT,01,158666,69491,82746,NA,NA,NA,NA,NA,NA,NA,MISSING
1990,UT,02,147871,85167,58869,NA,NA,NA,NA,NA,NA,NA,MISSING
1990,UT,03,135676,79163,49452,NA,NA,NA,NA,NA,NA,NA,MISSING
1990,VT,01,209856,6315,82938,NA,NA,NA,NA,NA,NA,NA,MISSING
1990,VA,01,141293,69194,72000,69194,72000,141293,22,0,0,0,ok (<0.05%)
1990,VA,03,118154,36253,77125,36253,77125,118154,3,0,0,0,ok (<0.05%)
1990,VA,04,90731,71051,0,71051,0,90731,20,0,0,NA,ok (<0.05%)
1990,VA,05,66905,66532,0,66532,0,66905,22,0,0,NA,ok (<0.05%)
1990,VA,06,112377,92968,0,92968,0,112377,19,0,0,NA,ok (<0.05%)
1990,VA,07,140620,58684,81688,58684,81688,140620,23,0,0,0,ok (<0.05%)
1990,VA,08,171121,88475,76367,88475,76367,171121,4,0,0,0,ok (<0.05%)
1990,VA,09,69230,0,0,67215,0,69230,21,0,NA,NA,ok (<0.05%)
1990,VA,10,168825,57249,103761,57249,103761,168825,5,0,0,0,ok (<0.05%)
1990,WA,01,192786,92447,100339,NA,NA,NA,NA,NA,NA,NA,MISSING
1990,WA,02,183671,92837,75669,NA,NA,NA,NA,NA,NA,NA,MISSING
1990,WA,03,177914,95645,82269,NA,NA,NA,NA,NA,NA,NA,MISSING
1990,WA,04,150786,44241,106545,NA,NA,NA,NA,NA,NA,NA,MISSING
1990,WA,05,160199,0,49965,NA,NA,NA,NA,NA,NA,NA,MISSING
1990,WA,06,128865,79079,49786,NA,NA,NA,NA,NA,NA,NA,MISSING
1990,WA,07,147642,106761,35511,NA,NA,NA,NA,NA,NA,NA,MISSING
1990,WA,08,171354,75031,96323,NA,NA,NA,NA,NA,NA,NA,MISSING
1990,WV,01,108506,72849,35657,NA,NA,NA,NA,NA,NA,NA,MISSING
1990,WV,02,113882,0,50708,NA,NA,NA,NA,NA,NA,NA,MISSING
1990,WV,04,76894,0,36946,NA,NA,NA,NA,NA,NA,NA,MISSING
1990,WI,01,94539,0,0,NA,NA,NA,NA,NA,NA,NA,MISSING
1990,WI,02,182118,85156,0,NA,NA,NA,NA,NA,NA,NA,MISSING
1990,WI,03,154935,60409,94509,NA,NA,NA,NA,NA,NA,NA,MISSING
1990,WI,04,140221,96981,43001,NA,NA,NA,NA,NA,NA,NA,MISSING
1990,WI,05,114115,77557,31255,NA,NA,NA,NA,NA,NA,NA,MISSING
1990,WI,06,111556,0,111036,NA,NA,NA,NA,NA,NA,NA,MISSING
1990,WI,07,161041,100069,60961,NA,NA,NA,NA,NA,NA,NA,MISSING
1990,WI,08,179142,0,95902,NA,NA,NA,NA,NA,NA,NA,MISSING
1990,WI,09,118321,0,117967,NA,NA,NA,NA,NA,NA,NA,MISSING
1990,WY,01,158055,70977,87078,NA,NA,NA,NA,NA,NA,NA,MISSING
1992,AL,01,214204,0,128874,78742,128874,214164,6,-1.8673787604339787e-4,NA,0,ok (<0.05%)
1992,AL,02,228160,0,112906,109335,112906,228147,15,-5.697755960729313e-5,NA,0,ok (<0.05%)
1992,AL,03,197604,119175,73800,119175,73800,197545,14,-2.9857695188356513e-4,0,0,ok (<0.05%)
1992,AL,04,230523,157907,66934,157907,66934,230487,14,-1.561666297939902e-4,0,0,ok (<0.05%)
1992,AL,05,244133,160060,77951,160060,77951,244017,7,-4.751508399110321e-4,0,0,ok (<0.05%)
1992,AL,06,280139,126062,146599,126062,146599,280018,4,-4.319284355266493e-4,0,0,ok (<0.05%)
1992,AL,07,207,144320,36086,144320,36086,207633,14,1002.0579710144928,0,0,BAD (>=2%)
1992,AZ,01,254789,130715,0,130715,113613,254789,1,0,0,NA,ok (<0.05%)
1992,AZ,02,137378,90693,41257,90693,41257,137378,5,0,0,0,ok (<0.05%)
1992,AZ,03,258503,88830,158906,88830,158906,258503,6,0,0,0,ok (<0.05%)
1992,AZ,04,264066,0,156330,70572,156330,264066,1,0,NA,0,ok (<0.05%)
1992,AZ,05,259813,77256,0,77256,172867,259813,4,0,0,NA,ok (<0.05%)
1992,AZ,06,234372,124251,97074,124251,97074,234372,8,0,0,0,ok (<0.05%)
1992,AR,01,214176,149558,64618,149558,64618,214176,25,0,0,0,ok (<0.05%)
1992,AR,02,208924,154946,53978,154946,53978,208924,8,0,0,0,ok (<0.05%)
1992,AR,03,249494,0,125295,117775,125295,249494,16,0,NA,0,ok (<0.05%)
1992,AR,04,215927,102918,113009,102918,113009,215927,26,0,0,0,ok (<0.05%)
1992,CA,01,251206,119676,113266,119656,113266,251186,7,-7.961593274046003e-5,-1.67117884956048e-4,0,ok (<0.05%)
1992,CA,02,256556,71780,167247,71780,167247,256556,10,0,0,0,ok (<0.05%)
1992,CA,03,238685,122149,96092,122149,96092,238685,8,0,0,0,ok (<0.05%)
1992,CA,04,283365,129489,141155,129489,141155,283365,8,0,0,0,ok (<0.05%)
1992,CA,05,230560,158250,58698,158250,58698,230560,1,0,0,0,ok (<0.05%)
1992,CA,06,291786,190322,98171,190322,98171,291786,2,0,0,0,ok (<0.05%)
1992,CA,07,217982,153320,54822,153320,54822,217982,2,0,0,0,ok (<0.05%)
1992,CA,08,232691,191906,25693,191906,25693,232691,1,0,0,0,ok (<0.05%)
1992,CA,09,228467,164265,53707,164265,53707,228467,1,0,0,0,ok (<0.05%)
1992,CA,10,280429,134635,145702,134635,145702,280429,2,0,0,0,ok (<0.05%)
1992,CA,11,198490,90539,94453,90539,94453,198490,2,0,0,0,ok (<0.05%)
1992,CA,12,228407,157205,53278,157205,53278,228407,2,0,0,0,ok (<0.05%)
1992,CA,13,205516,123795,64953,123795,64953,205516,2,0,0,0,ok (<0.05%)
1992,CA,14,259222,146873,101202,146873,101202,259222,2,0,0,0,ok (<0.05%)
1992,CA,15,265370,168617,82875,168617,82875,265370,2,0,0,0,ok (<0.05%)
1992,CA,16,155883,96661,49843,96661,49843,155883,1,0,0,0,ok (<0.05%)
1992,CA,17,210367,151565,49947,151565,49947,210367,3,0,0,0,ok (<0.05%)
1992,CA,18,165011,139704,0,139704,0,165011,5,0,0,NA,ok (<0.05%)
1992,CA,19,216640,101619,100590,101619,100590,216640,4,0,0,0,ok (<0.05%)
1992,CA,20,112067,72679,39388,72679,39388,112067,4,0,0,0,ok (<0.05%)
1992,CA,21,195965,68058,0,68058,127758,195965,2,0,0,NA,ok (<0.05%)
1992,CA,22,249926,87328,131242,87328,131242,249924,2,-8.002368701135536e-6,0,0,ok (<0.05%)
1992,CA,23,212881,88225,115504,88225,115504,212881,2,0,0,0,ok (<0.05%)
1992,CA,24,255267,141742,99835,141742,99835,255267,2,0,0,0,ok (<0.05%)
1992,CA,25,218715,72233,113611,72233,113611,218715,1,0,0,0,ok (<0.05%)
1992,CA,26,120908,73807,36453,73807,36453,120908,1,0,0,0,ok (<0.05%)
1992,CA,27,212450,83805,105521,83805,105521,212450,1,0,0,0,ok (<0.05%)
1992,CA,28,209382,76525,122353,76525,122353,209382,1,0,0,0,ok (<0.05%)
1992,CA,29,261486,160312,67141,160312,67141,261486,1,0,0,0,ok (<0.05%)
1992,CA,30,83543,48800,20034,48800,20034,83543,1,0,0,0,ok (<0.05%)
1992,CA,31,109197,68324,40873,68324,40873,109197,1,0,0,0,ok (<0.05%)
1992,CA,32,172812,150644,0,150644,0,172812,1,0,0,NA,ok (<0.05%)
1992,CA,33,50779,32010,15428,32010,15428,50779,1,0,0,0,ok (<0.05%)
1992,CA,34,149718,91738,50907,91738,50907,149718,1,0,0,0,ok (<0.05%)
1992,CA,35,124776,0,17417,102941,17417,124776,1,0,NA,0,ok (<0.05%)
1992,CA,36,259757,125751,109684,125751,109684,259757,1,0,0,0,ok (<0.05%)
1992,CA,37,113337,NA,NA,97159,0,113337,1,0,NA,NA,ok (<0.05%)
1992,CA,38,189321,82108,92038,82108,92038,189321,1,0,0,0,ok (<0.05%)
1992,CA,39,213684,81728,122472,81728,122472,213684,2,0,0,0,ok (<0.05%)
1992,CA,40,205283,63881,129563,63881,129563,205283,2,0,0,0,ok (<0.05%)
1992,CA,41,170666,58777,101753,58777,101753,170666,3,0,0,0,ok (<0.05%)
1992,CA,42,157455,0,69251,79780,69251,157455,1,0,NA,0,ok (<0.05%)
1992,CA,43,190639,88468,88987,88468,88987,190639,1,0,0,0,ok (<0.05%)
1992,CA,44,203541,81693,110333,81693,110333,203541,1,0,0,0,ok (<0.05%)
1992,CA,45,227016,88508,123731,88508,123731,227016,1,0,0,0,ok (<0.05%)
1992,CA,46,110806,45435,55659,45435,55659,110806,1,0,0,0,ok (<0.05%)
1992,CA,47,254257,76924,165004,76924,165004,254257,1,0,0,0,ok (<0.05%)
1992,CA,48,230495,67415,140935,67415,140935,230495,3,0,0,0,ok (<0.05%)
1992,CA,49,248898,127280,106170,127280,106170,248898,1,0,0,0,ok (<0.05%)
1992,CA,52,213784,88076,112995,88076,112995,213784,2,0,0,0,ok (<0.05%)
1992,FL,01,228632,118941,100349,118753,100136,228209,6,-0.0018501347143007104,-0.0015806155993307606,-0.0021225921533846873,small (<0.5%)
1992,FL,02,227726,167215,60425,167151,60378,227615,18,-4.8742787384839677e-4,-3.827407828245074e-4,-7.778237484484899e-4,ok (<0.05%)
1992,FL,03,150033,91918,63115,91880,63071,154951,14,0.032779455186525634,-4.134119541330316e-4,-6.971401410124376e-4,BAD (>=2%)
1992,FL,04,239471,103531,135883,103487,135776,239320,5,-6.305565183258098e-4,-4.249934802136558e-4,-7.874421377214221e-4,small (<0.5%)
1992,FL,05,263549,129698,114356,129678,114331,263501,9,-1.8212931940549956e-4,-1.5420438248855032e-4,-2.1861555143586693e-4,ok (<0.05%)
1992,FL,06,220614,76419,0,76396,144120,220516,8,-4.4421478238008467e-4,-3.009722712937882e-4,NA,ok (<0.05%)
1992,FL,07,223023,96945,125823,96931,125797,222983,3,-1.7935369894584864e-4,-1.4441177987518697e-4,-2.0663948562663423e-4,ok (<0.05%)
1992,FL,08,207122,65145,141977,65132,141925,207057,2,-3.1382470234934e-4,-1.9955483920485072e-4,-3.662565063355332e-4,ok (<0.05%)
1992,FL,09,268163,110135,158028,110023,157822,267845,3,-0.001185845922069786,-0.0010169337631089118,-0.0013035664565773154,small (<0.5%)
1992,FL,10,264415,114809,149606,114637,149347,263984,1,-0.0016300134258646446,-0.0014981403896907038,-0.0017312139887437669,small (<0.5%)
1992,FL,11,191354,100984,77640,100962,77625,191316,1,-1.9858482184851114e-4,-2.1785629406638674e-4,-1.9319938176197836e-4,ok (<0.05%)
1992,FL,12,192830,92346,100484,92333,100468,192801,6,-1.5039153658663072e-4,-1.4077491174495919e-4,-1.5922933004259386e-4,ok (<0.05%)
1992,FL,13,274648,115767,158881,115741,158836,274577,4,-2.5851271445632225e-4,-2.2458904523741654e-4,-2.8323084572730534e-4,ok (<0.05%)
1992,FL,14,268511,0,220351,0,220324,268480,3,-1.1545150850430709e-4,NA,-1.2253177884375384e-4,ok (<0.05%)
1992,FL,15,261285,132412,128873,132385,128830,261215,4,-2.6790669192644045e-4,-2.0390901126786091e-4,-3.3366182210393177e-4,ok (<0.05%)
1992,FL,16,258659,101237,157422,101217,157253,258470,7,-7.306917601939232e-4,-1.9755622944180487e-4,-0.0010735475346520817,small (<0.5%)
1992,FL,17,102799,102784,0,102732,0,102747,1,-5.05841496512612e-4,-5.059153175591531e-4,NA,small (<0.5%)
1992,FL,18,156897,52142,104755,52095,104715,156810,1,-5.545039102086082e-4,-9.013846802961144e-4,-3.818433487661687e-4,small (<0.5%)
1992,FL,19,281294,177423,103867,177411,103848,281263,2,-1.1020498126515319e-4,-6.763497404507871e-5,-1.829262422136001e-4,ok (<0.05%)
1992,FL,20,237889,130959,91589,130946,91573,237859,3,-1.2610923582006734e-4,-9.926770974121672e-5,-1.7469346755614757e-4,ok (<0.05%)
1992,FL,22,247088,91625,128400,91605,128376,247039,3,-1.983099138768374e-4,-2.1828103683492497e-4,-1.8691588785046728e-4,ok (<0.05%)
1992,FL,23,143935,84249,44807,84232,44800,143905,7,-2.0842741515267308e-4,-2.0178281047846265e-4,-1.562255897516013e-4,ok (<0.05%)
1992,GA,01,179740,75808,103932,75808,103932,179740,22,0,0,0,ok (<0.05%)
1992,GA,02,150382,95789,54593,95789,54593,150382,35,0,0,0,ok (<0.05%)
1992,GA,03,208378,94271,114107,94271,114107,208378,16,0,0,0,ok (<0.05%)
1992,GA,04,250314,123819,126495,123819,126495,250314,4,0,0,0,ok (<0.05%)
1992,GA,05,204407,147445,56960,147445,56960,204405,4,-9.784400729916294e-6,0,0,ok (<0.05%)
1992,GA,06,274957,116196,158761,116196,158761,274957,5,0,0,0,ok (<0.05%)
1992,GA,07,194289,0,82915,111374,82915,194289,11,0,NA,0,ok (<0.05%)
1992,GA,08,194692,108472,86220,108472,86220,194692,32,0,0,0,ok (<0.05%)
1992,GA,09,190943,113024,77919,113024,77919,190943,20,0,0,0,ok (<0.05%)
1992,GA,10,201485,108426,93059,108426,93059,201485,19,0,0,0,ok (<0.05%)
1992,GA,11,164400,120168,44221,120168,44221,164389,22,-6.690997566909976e-5,0,0,ok (<0.05%)
1992,ID,01,242790,140985,90983,NA,NA,NA,NA,NA,NA,NA,MISSING
1992,ID,02,229957,81450,139783,NA,NA,NA,NA,NA,NA,NA,MISSING
1992,IL,01,252711,209258,43453,209258,43453,252711,1,0,0,0,ok (<0.05%)
1992,IL,02,233864,0,31957,182614,31957,233864,1,0,NA,0,ok (<0.05%)
1992,IL,03,255293,0,93128,162165,93128,255293,1,0,NA,0,ok (<0.05%)
1992,IL,04,116606,90452,0,90452,26154,116606,1,0,0,NA,ok (<0.05%)
1992,IL,05,232083,132889,90738,132889,90738,232083,1,0,0,0,ok (<0.05%)
1992,IL,06,251904,86891,165009,86891,165009,251904,2,0,0,0,ok (<0.05%)
1992,IL,07,225281,182811,35346,182811,35346,225281,1,0,0,0,ok (<0.05%)
1992,IL,08,238633,96419,132887,96419,132887,238633,2,0,0,0,ok (<0.05%)
1992,IL,09,239703,162942,64760,162942,64760,239703,1,0,0,0,ok (<0.05%)
1992,IL,10,240630,85400,155230,85400,155230,240630,2,0,0,0,ok (<0.05%)
1992,IL,11,243247,135387,107860,135387,107860,243247,5,0,0,0,ok (<0.05%)
1992,IL,12,236877,168762,68115,168762,68115,236877,9,0,0,0,ok (<0.05%)
1992,IL,13,262255,82985,0,82985,179257,262255,3,0,0,NA,ok (<0.05%)
1992,IL,14,230624,75294,155271,75294,155271,230624,6,0,0,0,ok (<0.05%)
1992,IL,15,239586,97190,0,97190,142167,239586,11,0,0,NA,ok (<0.05%)
1992,IL,16,255943,0,142388,113555,142388,255943,6,0,NA,0,ok (<0.05%)
1992,IL,17,259952,156233,103719,156233,103719,259952,14,0,0,0,ok (<0.05%)
1992,IL,18,270976,114413,156533,114413,156533,270976,14,0,0,0,ok (<0.05%)
1992,IL,19,270685,187156,83526,187156,83526,270685,27,0,0,0,ok (<0.05%)
1992,IL,20,274088,0,119219,154869,119219,274088,19,0,NA,0,ok (<0.05%)
1992,IN,06,258455,71952,186499,71952,186499,258455,9,0,0,0,ok (<0.05%)
1992,IN,07,217194,88005,129189,88005,129189,217194,13,0,0,0,ok (<0.05%)
1992,IN,08,238397,125244,108054,125244,108054,238397,13,0,0,0,ok (<0.05%)
1992,IN,09,231037,160980,70057,160980,70057,231037,21,0,0,0,ok (<0.05%)
1992,IN,10,183831,0,64378,117604,64378,183831,1,0,NA,0,ok (<0.05%)
1992,KS,01,285297,0,194912,83620,194912,285297,66,0,NA,0,ok (<0.05%)
1992,KS,02,268806,151019,0,151019,109801,268806,25,0,0,NA,ok (<0.05%)
1992,KS,03,292796,110076,169929,110076,169929,292796,4,0,0,0,ok (<0.05%)
1992,KS,04,278016,143671,117070,143671,117070,278016,12,0,0,0,ok (<0.05%)
1992,KY,01,212574,128524,83088,128524,83088,212574,31,0,0,0,ok (<0.05%)
1992,KY,02,206578,0,79684,126894,79684,206578,23,0,NA,0,ok (<0.05%)
1992,KY,03,280770,148066,132689,148066,132689,280770,1,0,0,0,ok (<0.05%)
1992,KY,04,226524,86890,139634,86890,139634,226524,24,0,0,0,ok (<0.05%)
1992,KY,05,211015,95760,115255,95760,115255,211015,27,0,0,0,ok (<0.05%)
1992,KY,06,223450,135613,87816,135613,87816,223450,19,0,0,0,ok (<0.05%)
1992,LA,01,115051,0,107968,0,107968,115051,7,0,NA,0,ok (<0.05%)
1992,LA,02,91241,81151,0,81151,0,91241,2,0,0,NA,ok (<0.05%)
1992,LA,03,100449,82047,18402,82047,18402,100449,14,0,0,0,ok (<0.05%)
1992,LA,04,194831,194831,0,194831,0,194831,28,0,0,NA,ok (<0.05%)
1992,LA,05,243580,90079,153501,90079,153501,243580,18,0,0,0,ok (<0.05%)
1992,LA,06,245178,0,245178,0,245178,245178,17,0,NA,0,ok (<0.05%)
1992,LA,07,115203,84149,31054,84149,31054,115203,11,0,0,0,ok (<0.05%)
1992,ME,01,358148,232696,125236,232696,125236,358148,7,0,0,0,ok (<0.05%)
1992,ME,02,311433,130824,153022,130824,153022,311433,10,0,0,0,ok (<0.05%)
1992,MD,01,234203,112771,120084,112771,120084,234199,11,-1.7079200522623537e-5,0,0,ok (<0.05%)
1992,MD,02,254106,0,165443,88658,165443,254101,3,-1.9676827780532534e-5,NA,0,ok (<0.05%)
1992,MD,03,222255,163354,58869,163354,58869,222255,4,0,0,0,ok (<0.05%)
1992,MD,04,182185,136902,45166,136902,45166,182117,2,-3.73246974229492e-4,0,0,ok (<0.05%)
1992,MD,05,223326,118312,0,118312,97982,223286,5,-1.7911035884760396e-4,0,NA,ok (<0.05%)
1992,MD,06,231959,106224,125564,106224,125564,231857,6,-4.3973288382860766e-4,0,0,ok (<0.05%)
1992,MD,07,178998,152689,26304,152689,26304,178998,2,0,0,0,ok (<0.05%)
1992,MD,08,280475,77042,203377,77042,203377,280475,1,0,0,0,ok (<0.05%)
1992,MA,01,262120,135049,113828,NA,NA,NA,NA,NA,NA,NA,MISSING
1992,MA,02,247163,131215,0,NA,NA,NA,NA,NA,NA,NA,MISSING
1992,MA,03,260932,115587,131473,NA,NA,NA,NA,NA,NA,NA,MISSING
1992,MA,04,269812,182633,0,NA,NA,NA,NA,NA,NA,NA,MISSING
1992,MA,05,256564,133844,96206,NA,NA,NA,NA,NA,NA,NA,MISSING
1992,MA,06,290312,130248,159165,NA,NA,NA,NA,NA,NA,NA,MISSING
1992,MA,07,281558,174837,78262,NA,NA,NA,NA,NA,NA,NA,MISSING
1992,MA,08,180484,NA,NA,NA,NA,NA,NA,NA,NA,NA,MISSING
1992,MA,09,253634,175550,54291,NA,NA,NA,NA,NA,NA,NA,MISSING
1992,MA,10,311650,189342,75887,NA,NA,NA,NA,NA,NA,NA,MISSING
1992,MI,01,268619,144857,117056,NA,NA,NA,NA,NA,NA,NA,MISSING
1992,MI,02,246761,86265,155577,NA,NA,NA,NA,NA,NA,NA,MISSING
1992,MI,03,264948,95927,162451,NA,NA,NA,NA,NA,NA,NA,MISSING
1992,MI,04,251539,87573,157337,NA,NA,NA,NA,NA,NA,NA,MISSING
1992,MI,05,244992,147618,93098,NA,NA,NA,NA,NA,NA,NA,MISSING
1992,MI,06,233112,89020,144083,NA,NA,NA,NA,NA,NA,NA,MISSING
1992,MI,07,152868,0,133972,NA,NA,NA,NA,NA,NA,NA,MISSING
1992,MI,08,284707,135517,131906,NA,NA,NA,NA,NA,NA,NA,MISSING
1992,MI,11,293098,0,168940,NA,NA,NA,NA,NA,NA,NA,MISSING
1992,MI,12,261349,137514,119357,NA,NA,NA,NA,NA,NA,NA,MISSING
1992,MI,13,245888,127642,105169,NA,NA,NA,NA,NA,NA,NA,MISSING
1992,MI,14,200879,0,32036,NA,NA,NA,NA,NA,NA,NA,MISSING
1992,MI,15,184964,148908,31849,NA,NA,NA,NA,NA,NA,NA,MISSING
1992,MI,16,240936,156964,75694,NA,NA,NA,NA,NA,NA,NA,MISSING
1992,MN,01,279430,NA,NA,206369,72367,278736,17,-0.002483627384318076,NA,NA,small (<0.5%)
1992,MN,02,276403,0,0,132156,131587,275889,27,-0.0018596035498891113,NA,NA,small (<0.5%)
1992,MN,03,314731,0,0,104606,200240,314010,4,-0.0022908451979627045,NA,NA,small (<0.5%)
1992,MN,04,277956,0,0,159796,101744,277528,3,-0.0015398120565844953,NA,NA,small (<0.5%)
1992,MN,05,276315,0,0,174139,77093,276315,1,0,NA,NA,ok (<0.05%)
1992,MN,06,301023,0,0,100016,133564,300720,5,-0.0010065676044687616,NA,NA,small (<0.5%)
1992,MN,07,265524,NA,NA,133886,130396,264282,26,-0.004677543272924482,NA,NA,small (<0.5%)
1992,MN,08,283031,0,0,167104,83823,282148,17,-0.003119799597923902,NA,NA,small (<0.5%)
1992,MS,01,204616,121664,82952,NA,NA,NA,NA,NA,NA,NA,MISSING
1992,MS,02,173352,135162,0,NA,NA,NA,NA,NA,NA,NA,MISSING
1992,MS,03,200574,0,37710,NA,NA,NA,NA,NA,NA,NA,MISSING
1992,MS,04,194544,130927,43705,NA,NA,NA,NA,NA,NA,NA,MISSING
1992,MS,05,191058,120766,67619,NA,NA,NA,NA,NA,NA,NA,MISSING
1992,MO,01,233175,158693,74482,NA,NA,NA,NA,NA,NA,NA,MISSING
1992,MO,02,312445,148729,157594,NA,NA,NA,NA,NA,NA,NA,MISSING
1992,MO,03,271834,174000,90006,NA,NA,NA,NA,NA,NA,NA,MISSING
1992,MO,04,251452,176977,74475,NA,NA,NA,NA,NA,NA,NA,MISSING
1992,MO,05,255312,151014,93562,NA,NA,NA,NA,NA,NA,NA,MISSING
1992,MO,06,268524,0,119637,NA,NA,NA,NA,NA,NA,NA,MISSING
1992,MO,07,260065,NA,NA,NA,NA,NA,NA,NA,NA,NA,MISSING
1992,MO,08,234418,86730,147398,NA,NA,NA,NA,NA,NA,NA,MISSING
1992,MO,09,261335,124694,118811,NA,NA,NA,NA,NA,NA,NA,MISSING
1992,MT,01,403735,0,189570,NA,NA,NA,NA,NA,NA,NA,MISSING
1992,NE,01,239108,96309,142713,96309,142713,239108,25,0,0,0,ok (<0.05%)
1992,NE,02,233372,119512,113828,119512,113828,233372,3,0,0,0,ok (<0.05%)
1992,NE,03,238355,67457,170857,67457,170857,238355,66,0,0,0,ok (<0.05%)
1992,NV,14,201837,0,0,NA,NA,NA,NA,NA,NA,NA,MISSING
1992,NV,15,110693,0,0,NA,NA,NA,NA,NA,NA,NA,MISSING
1992,NV,16,93197,NA,NA,NA,NA,NA,NA,NA,NA,NA,MISSING
1992,NV,17,122381,0,19578,NA,NA,NA,NA,NA,NA,NA,MISSING
1992,NV,18,208528,115841,74076,NA,NA,NA,NA,NA,NA,NA,MISSING
1992,NV,19,232464,92854,0,NA,NA,NA,NA,NA,NA,NA,MISSING
1992,NV,20,227331,66826,160505,NA,NA,NA,NA,NA,NA,NA,MISSING
1992,NV,21,265278,NA,NA,NA,NA,NA,NA,NA,NA,NA,MISSING
1992,NV,22,251332,86896,0,NA,NA,NA,NA,NA,NA,NA,MISSING
1992,NV,23,219662,61835,148462,NA,NA,NA,NA,NA,NA,NA,MISSING
1992,NV,24,201069,47675,0,NA,NA,NA,NA,NA,NA,NA,MISSING
1992,NV,25,242386,NA,NA,NA,NA,NA,NA,NA,NA,NA,MISSING
1992,NV,26,237116,0,6821,NA,NA,NA,NA,NA,NA,NA,MISSING
1992,NV,27,246502,89906,0,NA,NA,NA,NA,NA,NA,NA,MISSING
1992,NV,28,255078,140908,0,NA,NA,NA,NA,NA,NA,NA,MISSING
1992,NV,29,235458,0,7367,NA,NA,NA,NA,NA,NA,NA,MISSING
1992,NV,30,243204,0,6025,NA,NA,NA,NA,NA,NA,NA,MISSING
1992,NV,31,213554,52010,10848,NA,NA,NA,NA,NA,NA,NA,MISSING
1992,NC,02,211569,0,93893,NA,NA,NA,NA,NA,NA,NA,MISSING
1992,NC,03,187050,101739,80759,NA,NA,NA,NA,NA,NA,NA,MISSING
1992,NC,04,265060,171299,89345,NA,NA,NA,NA,NA,NA,NA,MISSING
1992,NC,05,223683,117835,102086,NA,NA,NA,NA,NA,NA,NA,MISSING
1992,NC,06,230022,67200,162822,NA,NA,NA,NA,NA,NA,NA,MISSING
1992,NC,07,163101,0,66536,NA,NA,NA,NA,NA,NA,NA,MISSING
1992,NC,08,195451,0,71842,NA,NA,NA,NA,NA,NA,NA,MISSING
1992,NC,09,228245,74583,153650,NA,NA,NA,NA,NA,NA,NA,MISSING
1992,NC,10,215127,79206,149033,NA,NA,NA,NA,NA,NA,NA,MISSING
1992,NC,11,238161,108003,130158,NA,NA,NA,NA,NA,NA,NA,MISSING
1992,NC,12,180824,127262,49402,NA,NA,NA,NA,NA,NA,NA,MISSING
1992,ND,01,297898,169273,117442,NA,NA,NA,NA,NA,NA,NA,MISSING
1992,OH,01,234433,120190,0,NA,NA,NA,NA,NA,NA,NA,MISSING
1992,OH,02,253651,75924,0,NA,NA,NA,NA,NA,NA,NA,MISSING
1992,OH,03,244811,146072,98733,NA,NA,NA,NA,NA,NA,NA,MISSING
1992,OH,05,187860,0,187860,NA,NA,NA,NA,NA,NA,NA,MISSING
1992,OH,06,241972,122720,119252,NA,NA,NA,NA,NA,NA,NA,MISSING
1992,OH,07,230432,66237,164195,NA,NA,NA,NA,NA,NA,NA,MISSING
1992,OH,08,238395,62033,176362,NA,NA,NA,NA,NA,NA,NA,MISSING
1992,OH,09,243102,178879,53011,NA,NA,NA,NA,NA,NA,NA,MISSING
1992,OH,10,240239,103788,136433,NA,NA,NA,NA,NA,NA,NA,MISSING
1992,OH,11,223624,154718,43866,NA,NA,NA,NA,NA,NA,NA,MISSING
1992,OH,12,239058,68761,170297,NA,NA,NA,NA,NA,NA,NA,MISSING
1992,OH,13,252258,134486,88889,NA,NA,NA,NA,NA,NA,NA,MISSING
1992,OH,14,243994,165335,78659,NA,NA,NA,NA,NA,NA,NA,MISSING
1992,OH,15,250205,94907,110390,NA,NA,NA,NA,NA,NA,NA,MISSING
1992,OH,16,248713,90224,158489,NA,NA,NA,NA,NA,NA,NA,MISSING
1992,OH,17,257246,0,40743,NA,NA,NA,NA,NA,NA,NA,MISSING
1992,OH,18,243418,166189,77229,NA,NA,NA,NA,NA,NA,NA,MISSING
1992,OH,19,263083,138465,124606,NA,NA,NA,NA,NA,NA,NA,MISSING
1992,OK,01,225830,106619,119211,NA,NA,NA,NA,NA,NA,NA,MISSING
1992,OK,02,213513,118542,87657,NA,NA,NA,NA,NA,NA,NA,MISSING
1992,OK,03,207659,155934,51725,NA,NA,NA,NA,NA,NA,NA,MISSING
1992,OK,04,199076,140841,58235,NA,NA,NA,NA,NA,NA,NA,MISSING
1992,OK,05,230816,107579,123237,NA,NA,NA,NA,NA,NA,NA,MISSING
1992,OK,06,198802,134734,64068,NA,NA,NA,NA,NA,NA,NA,MISSING
1992,OR,01,294154,152917,140986,NA,NA,NA,NA,NA,NA,NA,MISSING
1992,OR,03,269879,208028,50235,NA,NA,NA,NA,NA,NA,NA,MISSING
1992,OR,04,279299,199372,79733,NA,NA,NA,NA,NA,NA,NA,MISSING
1992,OR,05,272944,174443,97984,NA,NA,NA,NA,NA,NA,NA,MISSING
1992,PA,01,185591,150172,35419,NA,NA,NA,NA,NA,NA,NA,MISSING
1992,PA,05,188911,188911,0,NA,NA,NA,NA,NA,NA,NA,MISSING
1992,PA,06,208006,108312,99694,NA,NA,NA,NA,NA,NA,NA,MISSING
1992,PA,07,2,91623,180648,NA,NA,NA,NA,NA,NA,NA,MISSING
1992,PA,08,249538,114095,129593,NA,NA,NA,NA,NA,NA,NA,MISSING
1992,PA,09,182406,182406,0,NA,NA,NA,NA,NA,NA,NA,MISSING
1992,PA,10,209548,189414,0,NA,NA,NA,NA,NA,NA,NA,MISSING
1992,PA,11,206987,138875,0,NA,NA,NA,NA,NA,NA,NA,MISSING
1992,PA,12,166916,166916,0,NA,NA,NA,NA,NA,NA,NA,MISSING
1992,PA,13,253997,127685,126312,NA,NA,NA,NA,NA,NA,NA,MISSING
1992,PA,14,229038,165633,61311,NA,NA,NA,NA,NA,NA,NA,MISSING
1992,PA,15,213,111419,99520,NA,NA,NA,NA,NA,NA,NA,MISSING
1992,PA,16,212564,74741,137823,NA,NA,NA,NA,NA,NA,NA,MISSING
1992,PA,17,216039,65881,150158,NA,NA,NA,NA,NA,NA,NA,MISSING
1992,PA,18,254329,96655,154024,NA,NA,NA,NA,NA,NA,NA,MISSING
1992,PA,19,217587,74798,98599,NA,NA,NA,NA,NA,NA,NA,MISSING
1992,PA,20,226489,114898,111591,NA,NA,NA,NA,NA,NA,NA,MISSING
1992,PA,21,221531,70802,150729,NA,NA,NA,NA,NA,NA,NA,MISSING
1992,RI,01,194089,0,135982,NA,NA,NA,NA,NA,NA,NA,MISSING
1992,RI,02,204413,144450,49998,NA,NA,NA,NA,NA,NA,NA,MISSING
1992,SC,01,184549,0,0,59908,121938,184549,5,0,NA,NA,ok (<0.05%)
1992,SC,02,169670,0,148667,0,148667,169670,11,0,NA,0,ok (<0.05%)
1992,SC,03,194864,119119,75660,119119,75660,194864,10,0,0,0,ok (<0.05%)
1992,SC,04,198410,94182,99879,94182,99879,198410,4,0,0,0,ok (<0.05%)
1992,SC,05,183086,112031,70866,112031,70866,183086,13,0,0,0,ok (<0.05%)
1992,SC,06,184871,0,64149,120647,64149,184871,16,0,NA,0,ok (<0.05%)
1992,SD,01,332902,230070,89375,NA,NA,NA,NA,NA,NA,NA,MISSING
1992,TN,01,170158,0,0,NA,NA,NA,NA,NA,NA,NA,MISSING
1992,TN,02,205401,52887,0,NA,NA,NA,NA,NA,NA,NA,MISSING
1992,TN,03,216533,105693,102763,NA,NA,NA,NA,NA,NA,NA,MISSING
1992,TN,04,154511,98984,50340,NA,NA,NA,NA,NA,NA,NA,MISSING
1992,TN,05,187590,125233,49417,NA,NA,NA,NA,NA,NA,NA,MISSING
1992,TN,06,212428,120177,86289,NA,NA,NA,NA,NA,NA,NA,MISSING
1992,TN,07,202866,72062,125101,NA,NA,NA,NA,NA,NA,NA,MISSING
1992,TN,08,163432,136852,0,NA,NA,NA,NA,NA,NA,NA,MISSING
1992,TN,09,212755,123276,60606,NA,NA,NA,NA,NA,NA,NA,MISSING
1992,TX,01,152209,152209,0,152209,0,152209,19,0,0,NA,ok (<0.05%)
1992,TX,02,211350,118625,92176,118625,92176,211350,19,0,0,0,ok (<0.05%)
1992,TX,03,234139,0,201569,0,201569,234139,2,0,NA,0,ok (<0.05%)
1992,TX,04,220333,128008,83875,128008,83875,220333,13,0,0,0,ok (<0.05%)
1992,TX,05,167330,98567,62419,98567,62419,167330,11,0,0,0,ok (<0.05%)
1992,TX,06,263073,73933,189140,73933,189140,263073,5,0,0,0,ok (<0.05%)
1992,TX,07,169407,0,169407,0,169407,169407,1,0,NA,0,ok (<0.05%)
1992,TX,08,232822,53473,0,53473,179349,232822,6,0,0,NA,ok (<0.05%)
1992,TX,09,221361,118690,96270,118690,96270,221361,4,0,0,0,ok (<0.05%)
1992,TX,10,261892,0,68646,177233,68646,261892,1,0,NA,0,ok (<0.05%)
1992,TX,11,178032,119999,58033,119999,58033,178032,12,0,0,0,ok (<0.05%)
1992,TX,12,199924,125492,74432,125492,74432,199924,3,0,0,0,ok (<0.05%)
1992,TX,13,195406,117892,77514,117892,77514,195406,38,0,0,0,ok (<0.05%)
1992,TX,14,199671,135930,0,135930,54412,199671,22,0,0,NA,ok (<0.05%)
1992,TX,15,142900,0,56549,86351,56549,142900,11,0,NA,0,ok (<0.05%)
1992,TX,18,172208,111422,56080,111422,56080,172208,1,0,0,0,ok (<0.05%)
1992,TX,19,209382,47325,162057,47325,162057,209382,20,0,0,0,ok (<0.05%)
1992,TX,20,103755,103755,0,103755,0,103755,1,0,0,NA,ok (<0.05%)
1992,TX,21,264653,62827,190979,62827,190979,264653,21,0,0,0,ok (<0.05%)
1992,TX,22,218033,67812,150221,67812,150221,218033,3,0,0,0,ok (<0.05%)
1992,TX,23,166347,0,98259,63797,98259,166347,29,0,NA,0,ok (<0.05%)
1992,TX,24,174216,104174,70042,104174,70042,174216,4,0,0,0,ok (<0.05%)
1992,TX,25,176877,98975,73192,98975,73192,176877,2,0,0,0,ok (<0.05%)
1992,TX,26,205531,55237,150209,55237,150209,205531,4,0,0,0,ok (<0.05%)
1992,TX,27,156844,87022,66853,87022,66853,156844,5,0,0,0,ok (<0.05%)
1992,TX,28,140585,122457,0,122457,0,140585,13,0,0,NA,ok (<0.05%)
1992,TX,29,98673,64064,34609,64064,34609,98673,1,0,0,0,ok (<0.05%)
1992,TX,30,150747,107831,37853,107831,37853,150747,3,0,0,0,ok (<0.05%)
1992,UT,01,245254,68712,160037,NA,NA,NA,NA,NA,NA,NA,MISSING
1992,UT,02,252969,127738,118307,NA,NA,NA,NA,NA,NA,NA,MISSING
1992,UT,03,229061,135029,84019,NA,NA,NA,NA,NA,NA,NA,MISSING
1992,VT,01,281626,22279,86901,NA,NA,NA,NA,NA,NA,NA,MISSING
1992,VA,01,232051,89814,133537,89814,133537,232051,20,0,0,0,ok (<0.05%)
1992,VA,02,177,99253,0,99253,77797,177133,2,999.7514124293785,0,NA,BAD (>=2%)
1992,VA,03,168473,132432,35780,132432,35780,168473,18,0,0,0,ok (<0.05%)
1992,VA,04,215960,147649,68286,147649,68286,215960,22,0,0,0,ok (<0.05%)
1992,VA,05,193084,0,60030,133031,60030,193084,22,0,NA,0,ok (<0.05%)
1992,VA,06,212087,84618,127309,84618,127309,212087,20,0,0,0,ok (<0.05%)
1992,VA,07,255375,0,0,0,211618,255375,10,0,NA,NA,ok (<0.05%)
1992,VA,08,247126,0,102717,138542,102717,247126,4,0,NA,0,ok (<0.05%)
1992,VA,09,211295,133284,77985,133284,77985,211295,23,0,0,0,ok (<0.05%)
1992,VA,10,227191,0,144471,75775,144471,227191,14,0,NA,0,ok (<0.05%)
1992,VA,11,228272,114172,103119,114172,103119,228272,3,0,0,0,ok (<0.05%)
2002,AL,01,178687,92256,156815,67507,108102,178687,6,0,-0.2682643947277142,-0.31063992602748464,ok (<0.05%)
2002,AL,02,187965,55495,129233,55495,129233,187965,16,0,0,0,ok (<0.05%)
2002,AL,03,181223,114826,99984,87351,91169,181223,13,0,-0.23927507707313675,-0.08816410625700112,ok (<0.05%)
2002,AL,04,161101,0,139705,0,139705,161101,14,0,NA,0,ok (<0.05%)
2002,AL,05,195171,143029,59266,143029,48226,195171,7,0,0,-0.18627881078527317,ok (<0.05%)
2002,AL,06,198346,0,189213,0,178171,198346,7,0,NA,-0.05835751243307807,ok (<0.05%)
2002,AL,07,166309,206212,0,153735,0,166309,12,0,-0.2544808255581634,NA,ok (<0.05%)
2002,AZ,02,167502,74391,138928,61217,100359,167502,6,0,-0.17709131480958717,-0.277618622595877,ok (<0.05%)
2002,AZ,03,155751,47173,104847,47173,104847,155751,1,0,0,0,ok (<0.05%)
2002,AZ,04,66065,44517,20294,44517,18381,66065,1,0,0,-0.09426431457573667,ok (<0.05%)
2002,AZ,05,169812,70029,103870,61559,103870,169812,1,0,-0.1209498921875223,0,ok (<0.05%)
2002,AZ,06,156337,49355,103094,49355,103094,156337,2,0,0,0,ok (<0.05%)
2002,CA,02,178985,68797,126733,52455,117747,178985,10,0,-0.23753942759131938,-0.07090497344811533,ok (<0.05%)
2002,CA,03,194918,67136,121732,67136,121732,194918,5,0,0,0,ok (<0.05%)
2002,CA,04,228506,72860,147997,72860,148398,228506,9,0,0,0.0027095143820482846,ok (<0.05%)
2002,CA,05,131578,92726,34749,92726,34749,131578,1,0,0,0,ok (<0.05%)
2002,CA,06,209563,156520,64877,139750,62052,209563,2,0,-0.10714285714285714,-0.04354393698845507,ok (<0.05%)
2002,CA,07,138376,97849,36584,97849,36584,138376,2,0,0,0,ok (<0.05%)
2002,CA,08,160441,132582,22879,127684,20063,160441,1,0,-0.036943174789941316,-0.12308230254818829,ok (<0.05%)
2002,CA,09,166917,148150,25333,135893,25333,166917,1,0,-0.08273371582855214,0,ok (<0.05%)
2002,CA,10,167197,136257,0,126390,0,167197,4,0,-0.07241462823928312,NA,ok (<0.05%)
2002,CA,11,173956,82991,112903,69035,104921,173956,4,0,-0.1681628128351267,-0.07069785568142564,ok (<0.05%)
2002,CA,12,154984,105597,38381,105597,38381,154984,2,0,0,0,ok (<0.05%)
2002,CA,13,121723,86495,28753,86495,26852,121723,1,0,0,-0.0661148401905888,ok (<0.05%)
2002,CA,14,171678,117055,48346,117055,48346,171678,3,0,0,0,ok (<0.05%)
2002,CA,15,133022,87482,41251,87482,41251,133022,1,0,0,0,ok (<0.05%)
2002,CA,16,107986,72370,32182,72370,32182,107986,1,0,0,0,ok (<0.05%)
2002,CA,17,149296,106640,52994,101632,40334,149296,3,0,-0.04696174043510878,-0.23889496924180095,ok (<0.05%)
2002,CA,18,109593,76286,61805,56181,47528,109593,5,0,-0.26354770206853156,-0.23100072809643232,ok (<0.05%)
2002,CA,19,157802,47403,106209,47403,106209,157802,5,0,0,0,ok (<0.05%)
2002,CA,27,128811,79815,48996,79815,48996,128811,1,0,0,0,ok (<0.05%)
2002,CA,28,103326,73771,23926,73771,23926,103326,1,0,0,0,ok (<0.05%)
2002,CA,29,121541,76036,40616,76036,40616,121541,1,0,0,0,ok (<0.05%)
2002,CA,30,185593,136750,54989,130604,54989,185593,1,0,-0.044943327239488115,0,ok (<0.05%)
2002,CA,31,67243,54569,15002,54569,12674,67243,1,0,0,-0.15517930942540994,ok (<0.05%)
2002,CA,32,85079,58530,23366,58530,23366,85079,1,0,0,0,ok (<0.05%)
2002,CA,33,118449,97779,16699,97779,16699,118449,1,0,0,0,ok (<0.05%)
2002,CA,34,65824,48734,17090,48734,17090,65824,1,0,0,0,ok (<0.05%)
2002,KS,05,172462,91313,166431,NA,NA,NA,NA,NA,NA,NA,MISSING
2002,MA,08,112356,111861,0,111861,0,112356,2,0,0,NA,ok (<0.05%)
2002,MA,09,168976,184698,0,168055,0,168976,4,0,-0.09010925943973405,NA,ok (<0.05%)
2002,MA,10,259002,179238,79624,179238,79624,259002,5,0,0,0,ok (<0.05%)
2002,OK,04,197774,128205,14737,91322,106452,197774,16,0,-0.2876876876876877,6.223451177308815,ok (<0.05%)
2002,OK,05,195051,63208,121374,63208,121374,195051,3,0,0,0,ok (<0.05%)
2002,OR,01,238036,149215,80917,137874,75434,220157,4,-0.07511048748928734,-0.07600442314780685,-0.06776079192258734,BAD (>=2%)
2002,OR,02,252284,80770,181295,28228,83680,114433,8,-0.5464119801493554,-0.6505138046304321,-0.5384318376127306,BAD (>=2%)
2002,OR,03,234977,166843,62821,156851,62821,234459,2,-0.002204471075892534,-0.059888637821185184,0,small (<0.5%)
2002,OR,04,263481,168150,90523,163343,85972,253500,6,-0.037881289352932467,-0.028587570621468928,-0.0502745158688952,BAD (>=2%)
2002,OR,05,251537,137713,133712,129589,106447,236036,6,-0.06162512870869892,-0.05899225200235272,-0.2039084001435922,BAD (>=2%)
2002,PA,01,140090,121076,17444,121076,17444,140090,2,0,0,0,ok (<0.05%)
2002,PA,02,171611,150623,20988,150623,20988,171611,2,0,0,0,ok (<0.05%)
2002,PA,03,150329,0,116763,0,116763,150317,7,-7.982491734795017e-5,NA,0,ok (<0.05%)
2002,PA,04,202218,97308,130534,71674,130534,202208,6,-4.9451581956106776e-5,-0.26343157808196654,0,ok (<0.05%)
2002,PA,05,143211,0,124942,0,124942,143020,16,-0.0013336964339331475,NA,0,small (<0.5%)
2002,PA,06,201791,116540,103648,98128,103648,201776,3,-7.433433602093255e-5,-0.15798867341685258,0,ok (<0.05%)
2002,PA,07,221351,75055,146296,75055,146296,221351,3,0,0,0,ok (<0.05%)
2002,PA,08,203687,76178,141456,76178,127475,203653,3,-1.6692277857693422e-4,0,-0.09883638728650605,ok (<0.05%)
2002,PA,11,168615,93758,74847,93758,71543,168605,5,-5.930670462295763e-5,0,-0.044143385840447844,ok (<0.05%)
2002,PA,12,169028,158038,44818,124201,44818,169019,9,-5.32456161109402e-5,-0.2141067338235108,0,ok (<0.05%)
2002,PA,13,211867,107945,116479,107945,100295,211867,2,0,0,-0.13894350054516263,ok (<0.05%)
2002,PA,14,123412,123323,0,123323,0,123323,1,-7.21161637442064e-4,0,NA,small (<0.5%)
2002,TN,04,184300,132768,120743,95989,85680,184300,24,0,-0.27701705230175944,-0.29039364600846423,ok (<0.05%)
2002,TN,05,170886,146115,70801,108903,56825,170886,3,0,-0.25467611128220924,-0.19739834183133007,ok (<0.05%)
2002,TN,06,177547,123289,57401,117034,57401,177547,15,0,-0.050734453195337786,0,ok (<0.05%)
2002,TN,07,195558,61052,192538,51790,138314,195558,15,0,-0.15170674179388063,-0.2816275228786006,ok (<0.05%)
2002,TN,08,167970,127880,60384,117811,45853,167970,19,0,-0.07873787926180795,-0.24064321674615793,ok (<0.05%)
2002,TN,09,144260,120904,0,120904,0,144260,1,0,0,NA,ok (<0.05%)
2002,TX,01,153038,86384,66654,86384,66654,153038,19,0,0,0,ok (<0.05%)
2002,TX,02,140501,85492,53656,85492,53656,140501,18,0,0,0,ok (<0.05%)
2002,TX,03,154133,37503,117158,37503,113974,154133,2,0,0,-0.02717697468376039,ok (<0.05%)
2002,TX,04,168285,97304,77566,97304,67939,168285,11,0,0,-0.12411365804605111,ok (<0.05%)
2002,TX,15,66311,73449,0,66311,0,66311,8,0,-0.09718307941564895,NA,ok (<0.05%)
2002,TX,16,72383,72383,0,72383,0,72383,1,0,0,NA,ok (<0.05%)
2002,TX,17,163804,84136,77622,84136,77622,163804,36,0,0,0,ok (<0.05%)
2002,TX,18,128926,101032,27980,99161,27980,128926,1,0,-0.018518885105709083,0,ok (<0.05%)
2002,TX,19,127776,0,117092,0,117092,127776,19,0,NA,0,ok (<0.05%)
2002,TX,20,68685,68685,0,68685,0,68685,1,0,0,NA,ok (<0.05%)
2002,TX,21,222093,56206,161836,56206,161836,222093,14,0,0,0,ok (<0.05%)
2002,TX,22,159084,60032,106144,55716,100499,159084,3,0,-0.0718949893390192,-0.053182469098583054,ok (<0.05%)
2002,TX,23,150552,71067,77573,71067,77573,150552,24,0,0,0,ok (<0.05%)
2002,TX,24,112894,73002,38332,73002,38332,112894,2,0,0,0,ok (<0.05%)
2002,TX,25,116126,79227,50041,63590,50041,116126,2,0,-0.19736958360154996,0,ok (<0.05%)
2002,TX,26,164678,37485,140051,37485,123195,164678,4,0,0,-0.12035615597175314,ok (<0.05%)
2002,TX,27,112209,68559,41004,68559,41004,112209,5,0,0,0,ok (<0.05%)
2002,TX,28,100420,71393,26973,71393,26973,100420,11,0,0,0,ok (<0.05%)
2002,TX,29,58593,55760,0,55760,0,58593,1,0,0,NA,ok (<0.05%)
2002,TX,30,119817,88980,30277,88980,28981,119817,1,0,0,-0.04280476929682597,ok (<0.05%)
2002,TX,31,161484,44183,134575,44183,111556,161484,9,0,0,-0.17104960059446406,ok (<0.05%)
2002,TX,32,147902,48458,101617,44886,100226,147902,1,0,-0.07371331875025795,-0.013688654457423463,ok (<0.05%)
2002,UT,01,179412,0,0,NA,NA,NA,NA,NA,NA,NA,MISSING
2002,UT,02,224098,110764,129828,NA,NA,NA,NA,NA,NA,NA,MISSING
2002,UT,03,153643,44533,103598,NA,NA,NA,NA,NA,NA,NA,MISSING
2002,WA,NA,193329,339861,281998,NA,NA,NA,NA,NA,NA,NA,MISSING
2002,WA,04,161829,60914,114757,NA,NA,NA,NA,NA,NA,NA,MISSING
2002,WA,05,202282,65146,126757,NA,NA,NA,NA,NA,NA,NA,MISSING
2002,WA,06,196444,135874,61584,NA,NA,NA,NA,NA,NA,NA,MISSING
2002,WA,07,211003,156300,46256,NA,NA,NA,NA,NA,NA,NA,MISSING
2002,WA,08,203335,75931,121633,NA,NA,NA,NA,NA,NA,NA,MISSING
2002,WA,09,163710,95805,63146,NA,NA,NA,NA,NA,NA,NA,MISSING
2002,WI,NA,141367,518245,302316,NA,NA,NA,NA,NA,NA,NA,MISSING
2002,WI,05,222012,0,191224,0,191224,222012,5,0,NA,0,ok (<0.05%)
2002,WI,06,171161,0,169834,0,169834,171161,12,0,NA,0,ok (<0.05%)
2002,WI,07,227955,146364,81518,146364,81518,227955,20,0,0,0,ok (<0.05%)
2002,WI,08,210447,50284,152745,50284,152745,210447,15,0,0,0,ok (<0.05%)
