year,state_po,off_dem,off_rep,off_sum,off_total,our_dem,our_rep,our_total,n_counties,rel_dem,rel_rep,rel_tot,s_dem,s_rep,s_tot
2004,AL,595018,1242200,1837218,1837218,595018,1242200,1839066,67,0,0,0.0010058686557610475,ok (<0.05%),ok (<0.05%),small (<0.5%)
2004,AR,580973,458036,1039349,1039349,580973,458036,1039349,75,0,0,0,ok (<0.05%),ok (<0.05%),ok (<0.05%)
2004,AZ,404507,1505372,1961677,1961677,404507,1505372,1961677,15,0,0,0,ok (<0.05%),ok (<0.05%),ok (<0.05%)
2004,CA,6955728,4555924,12053295,12053295,6955728,4555922,12053295,58,0,-4.389888856793924e-7,0,ok (<0.05%),ok (<0.05%),ok (<0.05%)
2004,CO,1081188,980668,2107554,2107554,1081188,980668,2107554,64,0,0,0,ok (<0.05%),ok (<0.05%),ok (<0.05%)
2004,CT,945347,457749,1424726,1424726,945347,457749,1424726,8,0,0,0,ok (<0.05%),ok (<0.05%),ok (<0.05%)
2004,FL,3590201,3672864,7429894,7429894,3590201,3672864,7429894,67,0,0,0,ok (<0.05%),ok (<0.05%),ok (<0.05%)
2004,GA,1267690,1864202,3200981,3200981,1287690,1864202,3220981,159,0.0157767277488976,0,0.006248084571573527,check (0.5-2%),ok (<0.05%),check (0.5-2%)
2004,IA,412365,1038175,1478753,1478753,412365,1038175,1479228,99,0,0,3.2121659262905974e-4,ok (<0.05%),ok (<0.05%),ok (<0.05%)
2004,ID,0,499796,503932,503932,0,499796,503932,44,0,0,0,ok (<0.05%),ok (<0.05%),ok (<0.05%)
2004,IL,3597456,1390690,5141520,5141520,3597456,1390690,5141520,102,0,0,0,ok (<0.05%),ok (<0.05%),ok (<0.05%)
2004,IN,1496976,903913,2428233,2428233,1496976,903913,2428233,92,0,0,0,ok (<0.05%),ok (<0.05%),ok (<0.05%)
2004,KS,310337,780863,1129022,1129022,310337,780863,1129022,105,0,0,0,ok (<0.05%),ok (<0.05%),ok (<0.05%)
2004,KY,850855,873507,1724362,1724362,850855,873507,1724362,120,0,0,0,ok (<0.05%),ok (<0.05%),ok (<0.05%)
2004,LA,877482,943014,1848056,1848056,542150,943014,1848056,64,-0.38215256837177286,0,0,BAD (>=2%),ok (<0.05%),ok (<0.05%)
2004,MD,1504691,783164,2321931,2321931,1504691,783055,2323183,24,0,-1.3917902252912545e-4,5.392063760723295e-4,ok (<0.05%),ok (<0.05%),small (<0.5%)
2004,MO,1158261,1518089,2706402,2706402,1063017,1474971,2566442,115,-0.0822301709200258,-0.028402814327750218,-0.05171441640968341,BAD (>=2%),BAD (>=2%),BAD (>=2%)
2004,NC,1632527,1791450,3472082,3472082,1632527,1791450,3472082,100,0,0,0,ok (<0.05%),ok (<0.05%),ok (<0.05%)
2004,ND,212143,98553,310696,310696,212143,98553,310696,53,0,0,0,ok (<0.05%),ok (<0.05%),ok (<0.05%)
2004,NH,221549,434847,656498,656498,221549,434847,657086,10,0,0,8.956615252445552e-4,ok (<0.05%),ok (<0.05%),small (<0.5%)
2004,NV,494805,284640,810068,810068,494805,284640,810068,17,0,0,0,ok (<0.05%),ok (<0.05%),ok (<0.05%)
2004,NY,4769824,1625069,6702875,6702875,4769824,1625069,6702875,62,0,0,0,ok (<0.05%),ok (<0.05%),ok (<0.05%)
2004,OH,1961249,3464651,5426196,5426196,1961249,3464651,5426196,88,0,0,0,ok (<0.05%),ok (<0.05%),ok (<0.05%)
2004,OK,596750,763433,1446846,1446846,596750,763433,1446846,77,0,0,0,ok (<0.05%),ok (<0.05%),ok (<0.05%)
2004,OR,1128728,565254,1779014,1779014,1128728,565254,1780550,36,0,0,8.633996134937668e-4,ok (<0.05%),ok (<0.05%),small (<0.5%)
2004,PA,2334126,2925080,5558525,5558525,2334126,2925080,5558525,67,0,0,0,ok (<0.05%),ok (<0.05%),ok (<0.05%)
2004,SC,704384,857167,1595935,1595935,704384,857167,1597221,46,0,0,8.057972285838709e-4,ok (<0.05%),ok (<0.05%),small (<0.5%)
2004,SD,193340,197848,391188,391188,193340,197848,391188,66,0,0,0,ok (<0.05%),ok (<0.05%),ok (<0.05%)
2004,UT,258971,626640,911726,911726,258955,626640,911726,29,-6.178297956141808e-5,0,0,ok (<0.05%),ok (<0.05%),ok (<0.05%)
2004,VT,216972,75398,307034,307034,216972,75398,307208,14,0,0,5.667124813538565e-4,ok (<0.05%),ok (<0.05%),small (<0.5%)
2004,WA,7098354,1204584,8367297,8367297,1549708,1204584,2818651,39,-0.7816806544165028,0,-0.6631348211973352,BAD (>=2%),ok (<0.05%),BAD (>=2%)
2004,WI,1632697,1301183,2948909,2948909,1632697,1301183,2949743,72,0,0,2.828164585614544e-4,ok (<0.05%),ok (<0.05%),ok (<0.05%)
2006,AZ,664141,814398,1526782,1526782,664141,814398,1526782,15,0,0,0,ok (<0.05%),ok (<0.05%),ok (<0.05%)
2006,CA,5076289,2990822,8541476,8541476,5076289,2990822,8541476,58,0,0,0,ok (<0.05%),ok (<0.05%),ok (<0.05%)
2006,CT,1014939,109198,1134780,1134780,450844,109198,1134697,8,-0.5557920229688681,0,-7.314193059447646e-5,BAD (>=2%),ok (<0.05%),ok (<0.05%)
2006,DE,170567,80861,254099,254099,170567,69734,254099,3,0,-0.13760650993680512,0,ok (<0.05%),BAD (>=2%),ok (<0.05%)
2006,FL,2890548,1826127,4793534,4793534,2890548,1826127,4793534,67,0,0,0,ok (<0.05%),ok (<0.05%),ok (<0.05%)
2006,IN,0,1171553,1341111,1341111,0,1171553,1341111,92,0,0,0,ok (<0.05%),ok (<0.05%),ok (<0.05%)
2006,MA,1500738,661532,2162270,2162270,1500738,661532,2165490,14,0,0,0.0014891757273605979,ok (<0.05%),ok (<0.05%),small (<0.5%)
2006,MD,965477,787182,1780343,1780343,965477,787182,1781139,24,0,0,4.4710485563736877e-4,ok (<0.05%),ok (<0.05%),ok (<0.05%)
2006,ME,111984,402598,543981,543981,111984,402598,543981,16,0,0,0,ok (<0.05%),ok (<0.05%),ok (<0.05%)
2006,MI,2151278,1559597,3780142,3780142,2151278,1559597,3780142,83,0,0,0,ok (<0.05%),ok (<0.05%),ok (<0.05%)
2006,MN,1278849,835653,2201871,2201871,1278849,835653,2202772,87,0,0,4.091974507135068e-4,ok (<0.05%),ok (<0.05%),ok (<0.05%)
2006,MO,1055255,1006941,2128459,2128459,981699,985429,2031480,115,-0.0697044790121819,-0.021363714457947387,-0.0455630106100235,BAD (>=2%),BAD (>=2%),BAD (>=2%)
2006,MS,213000,388399,610921,610921,213000,388399,610921,82,0,0,0,ok (<0.05%),ok (<0.05%),ok (<0.05%)
2006,MT,199845,196283,406505,406505,199845,196283,406505,56,0,0,0,ok (<0.05%),ok (<0.05%),ok (<0.05%)
2006,ND,150146,64417,218152,218152,150146,64417,218152,53,0,0,0,ok (<0.05%),ok (<0.05%),ok (<0.05%)
2006,NE,378388,213928,592316,592316,378388,213928,592316,93,0,0,0,ok (<0.05%),ok (<0.05%),ok (<0.05%)
2006,NJ,1200843,997775,2250070,2250070,1200843,997775,2250070,21,0,0,0,ok (<0.05%),ok (<0.05%),ok (<0.05%)
2006,NM,394365,163826,558550,558550,394365,163826,558550,33,0,0,0,ok (<0.05%),ok (<0.05%),ok (<0.05%)
2006,NV,238796,322501,582572,582572,238796,322501,582572,17,0,0,0,ok (<0.05%),ok (<0.05%),ok (<0.05%)
2006,NY,3008428,1392189,4490053,4490053,3008428,1392189,4490053,62,0,0,0,ok (<0.05%),ok (<0.05%),ok (<0.05%)
2006,OH,2257369,1761037,4019236,4019236,2257369,1761037,4019236,88,0,0,0,ok (<0.05%),ok (<0.05%),ok (<0.05%)
2006,PA,2392984,1684778,4077762,4077762,2392984,1684778,4081043,67,0,0,8.046080178293878e-4,ok (<0.05%),ok (<0.05%),small (<0.5%)
2006,RI,206118,179001,385451,385451,206108,179001,385109,5,-4.8515898659990876e-5,0,-8.872723121745695e-4,ok (<0.05%),ok (<0.05%),small (<0.5%)
2006,TN,879989,929911,1833695,1833695,879976,929911,1833695,95,-1.477291193412645e-5,0,0,ok (<0.05%),ok (<0.05%),ok (<0.05%)
2006,TX,1555202,2661789,4314663,4314663,1555202,2661789,4314663,254,0,0,0,ok (<0.05%),ok (<0.05%),ok (<0.05%)
2006,UT,177459,358750,571252,571252,177459,356238,571252,29,0,-0.007002090592334495,0,ok (<0.05%),check (0.5-2%),ok (<0.05%)
2006,VA,1175606,1166277,2367985,2367985,1175606,1166277,2370445,134,0,0,0.0010388579319548054,ok (<0.05%),ok (<0.05%),small (<0.5%)
2006,VT,0,86659,262152,262152,171638,84924,262419,14,171638,-0.020021001857856657,0.001018493087979493,BAD (>=2%),BAD (>=2%),small (<0.5%)
2006,WA,1184659,832106,2083734,2083734,1184659,832106,2083734,39,0,0,0,ok (<0.05%),ok (<0.05%),ok (<0.05%)
2006,WI,1439214,630299,2137043,2137043,1439214,630299,2138297,72,0,0,5.867921235089795e-4,ok (<0.05%),ok (<0.05%),small (<0.5%)
2006,WV,296276,155043,459884,459884,296276,155043,459884,55,0,0,0,ok (<0.05%),ok (<0.05%),ok (<0.05%)
2006,WY,57671,135174,192845,192845,57671,135174,193136,23,0,0,0.0015089838989862324,ok (<0.05%),ok (<0.05%),small (<0.5%)
2008,AL,752391,1305383,2057774,2060191,752391,1305383,2060191,67,0,0,0,ok (<0.05%),ok (<0.05%),ok (<0.05%)
2008,AR,804678,0,1011754,1011754,804678,0,1011754,75,0,0,0,ok (<0.05%),ok (<0.05%),ok (<0.05%)
2008,CO,1231049,990784,2331712,2331712,1231049,990784,2331712,64,0,0,0,ok (<0.05%),ok (<0.05%),ok (<0.05%)
2008,DE,257539,140595,398134,398134,257539,140595,398134,3,0,0,0,ok (<0.05%),ok (<0.05%),ok (<0.05%)
2008,GA,909923,1228033,2137956,2137956,909923,1228033,2137956,159,0,0,0,ok (<0.05%),ok (<0.05%),ok (<0.05%)
2008,IA,941665,560006,1501671,1502918,941665,560006,1502918,99,0,0,0,ok (<0.05%),ok (<0.05%),ok (<0.05%)
2008,ID,219903,371744,644780,644780,219903,371744,644777,44,0,0,-4.652749775117094e-6,ok (<0.05%),ok (<0.05%),ok (<0.05%)
2008,IL,3615844,1520621,5329884,5329884,3615844,1520621,5329884,102,0,0,0,ok (<0.05%),ok (<0.05%),ok (<0.05%)
2008,KS,441399,727121,1210690,1210690,441399,727121,1210690,105,0,0,0,ok (<0.05%),ok (<0.05%),ok (<0.05%)
2008,KY,847005,953816,1800821,1800821,847005,953816,1800821,120,0,0,0,ok (<0.05%),ok (<0.05%),ok (<0.05%)
2008,LA,988298,867177,1896574,1896574,988298,867177,1896574,64,0,0,0,ok (<0.05%),ok (<0.05%),ok (<0.05%)
2008,MA,1971974,926044,2991731,2995247,1971974,926044,2994247,14,0,0,-3.338622824762031e-4,ok (<0.05%),ok (<0.05%),ok (<0.05%)
2008,ME,279510,444300,723810,724430,279510,444300,724430,16,0,0,0,ok (<0.05%),ok (<0.05%),ok (<0.05%)
2008,MI,3038386,1641070,4848620,4848620,3038386,1641070,4848620,83,0,0,0,ok (<0.05%),ok (<0.05%),ok (<0.05%)
2008,MN,1212629,1212317,2885306,2887646,1211950,1211901,2886441,87,-5.599404269566372e-4,-3.4314457357275367e-4,-4.1729491772883517e-4,small (<0.5%),ok (<0.05%),ok (<0.05%)
2008,MS,480915,766111,1247026,1247026,480915,766111,1247026,82,0,0,0,ok (<0.05%),ok (<0.05%),ok (<0.05%)
2008,MT,348289,129369,477658,477658,348289,129369,477658,56,0,0,0,ok (<0.05%),ok (<0.05%),ok (<0.05%)
2008,NC,2249311,1887510,4270315,4271970,2249311,1887510,4271970,100,0,0,0,ok (<0.05%),ok (<0.05%),ok (<0.05%)
2008,NE,317456,455854,792511,792511,317456,455854,792511,93,0,0,0,ok (<0.05%),ok (<0.05%),ok (<0.05%)
2008,NH,358438,314403,694357,694787,358438,314403,694787,10,0,0,0,ok (<0.05%),ok (<0.05%),ok (<0.05%)
2008,NJ,1951218,1461025,3482445,3482445,1951218,1461025,3482445,21,0,0,0,ok (<0.05%),ok (<0.05%),ok (<0.05%)
2008,NM,505128,318522,823650,823650,505128,318522,823650,33,0,0,0,ok (<0.05%),ok (<0.05%),ok (<0.05%)
2008,OK,527736,763375,1346819,1346819,527736,763375,1346819,77,0,0,0,ok (<0.05%),ok (<0.05%),ok (<0.05%)
2008,OR,864392,805159,1762116,1767504,864392,805159,1767504,36,0,0,0,ok (<0.05%),ok (<0.05%),ok (<0.05%)
2008,RI,320644,116174,438051,438812,320644,116174,438812,5,0,0,0,ok (<0.05%),ok (<0.05%),ok (<0.05%)
2008,SC,790621,1076534,1867155,1871431,790621,1076534,1871431,46,0,0,0,ok (<0.05%),ok (<0.05%),ok (<0.05%)
2008,SD,237889,142784,380673,380673,237889,142784,380673,66,0,0,0,ok (<0.05%),ok (<0.05%),ok (<0.05%)
2008,TN,767236,1579477,2424585,2424585,767236,1579477,2424585,95,0,0,0,ok (<0.05%),ok (<0.05%),ok (<0.05%)
2008,TX,3389365,4337469,7912075,7912075,3389365,4337469,7912075,254,0,0,0,ok (<0.05%),ok (<0.05%),ok (<0.05%)
2008,VA,2369327,1228830,3640116,3643294,2369327,1228830,3643294,134,0,0,0,ok (<0.05%),ok (<0.05%),ok (<0.05%)
2008,WV,447560,254629,702308,702308,447560,254629,702308,55,0,0,0,ok (<0.05%),ok (<0.05%),ok (<0.05%)
2008,WY,60631,189046,249677,749450,60631,189046,249946,23,0,0,-0.6664940956701582,ok (<0.05%),ok (<0.05%),BAD (>=2%)
2010,AL,515619,968181,1483800,1485499,515619,968181,1485499,67,0,0,0,ok (<0.05%),ok (<0.05%),ok (<0.05%)
2010,AR,288156,451618,779581,779957,288156,451618,779957,75,0,0,0,ok (<0.05%),ok (<0.05%),ok (<0.05%)
2010,AZ,592011,1005615,1708484,1708484,592011,1005615,1708484,15,0,0,0,ok (<0.05%),ok (<0.05%),ok (<0.05%)
2010,CA,5218137,4217386,9999860,9999860,5218137,4217386,9999860,58,0,0,0,ok (<0.05%),ok (<0.05%),ok (<0.05%)
2010,CO,854685,824789,1777668,1777668,854685,824789,1777668,64,0,0,0,ok (<0.05%),ok (<0.05%),ok (<0.05%)
2010,CT,647315,498341,1153115,1153115,636040,498341,1152391,8,-0.01741810401427435,0,-6.278645234863825e-4,check (0.5-2%),ok (<0.05%),small (<0.5%)
2010,FL,1092936,2645743,5411106,5411106,1092936,2645743,5411106,67,0,0,0,ok (<0.05%),ok (<0.05%),ok (<0.05%)
2010,GA,996516,1489904,2555258,2555258,996516,1489904,2555258,159,0,0,0,ok (<0.05%),ok (<0.05%),ok (<0.05%)
2010,IA,371686,718215,1115191,1116063,371686,718215,1116063,99,0,0,0,ok (<0.05%),ok (<0.05%),ok (<0.05%)
2010,ID,112057,319953,449530,449530,112057,319953,449530,44,0,0,0,ok (<0.05%),ok (<0.05%),ok (<0.05%)
2010,IL,1719478,1778698,3704473,3704473,1719478,1778698,3704473,102,0,0,0,ok (<0.05%),ok (<0.05%),ok (<0.05%)
2010,IN,697775,952116,1744481,1744481,697775,952116,1744481,92,0,0,0,ok (<0.05%),ok (<0.05%),ok (<0.05%)
2010,KS,220971,587175,837692,837692,220971,587175,837692,105,0,0,0,ok (<0.05%),ok (<0.05%),ok (<0.05%)
2010,KY,600052,755706,1356096,1356096,599843,755411,1356468,120,-3.483031470605881e-4,-3.9036344821928104e-4,2.743168625230072e-4,ok (<0.05%),ok (<0.05%),ok (<0.05%)
2010,LA,476572,715415,1264994,1264994,476572,715415,1264994,64,0,0,0,ok (<0.05%),ok (<0.05%),ok (<0.05%)
2010,MD,1140611,655666,1832214,1833858,1140531,655666,1833858,24,-7.013784717138446e-5,0,0,ok (<0.05%),ok (<0.05%),ok (<0.05%)
2010,MO,789736,1054160,1943899,1943899,727288,1032294,1857379,115,-0.07907452617077099,-0.02074258177126812,-0.0445084852659526,BAD (>=2%),BAD (>=2%),BAD (>=2%)
2010,NC,1145074,1458046,2658881,2660079,1145074,1458046,2660079,100,0,0,0,ok (<0.05%),ok (<0.05%),ok (<0.05%)
2010,ND,52955,181689,238534,238812,52955,181689,238812,53,0,0,0,ok (<0.05%),ok (<0.05%),ok (<0.05%)
2010,NH,167545,273218,454710,455149,167545,273218,455149,10,0,0,0,ok (<0.05%),ok (<0.05%),ok (<0.05%)
2010,NV,362785,321361,721404,721404,362785,321361,721404,17,0,0,0,ok (<0.05%),ok (<0.05%),ok (<0.05%)
2010,NY,3047880,1480423,4595515,4596796,3047880,1480423,4596796,62,0,0,0,ok (<0.05%),ok (<0.05%),ok (<0.05%)
2010,OH,1503297,2168742,3815098,3815098,1503297,2168742,3815098,88,0,0,0,ok (<0.05%),ok (<0.05%),ok (<0.05%)
2010,OK,265814,718482,1017151,1017151,265814,718482,1017151,77,0,0,0,ok (<0.05%),ok (<0.05%),ok (<0.05%)
2010,OR,825507,566199,1441140,1442588,825507,566199,1442588,36,0,0,0,ok (<0.05%),ok (<0.05%),ok (<0.05%)
2010,PA,1948716,2028945,3977661,3977661,1948716,2028945,3977661,67,0,0,0,ok (<0.05%),ok (<0.05%),ok (<0.05%)
2010,SC,364598,810771,1296841,1318794,364598,810771,1318794,46,0,0,0,ok (<0.05%),ok (<0.05%),ok (<0.05%)
2010,SD,0,227947,227947,227947,0,227947,227947,66,0,0,0,ok (<0.05%),ok (<0.05%),ok (<0.05%)
2010,UT,207685,390179,633829,633829,207685,390179,633829,29,0,0,0,ok (<0.05%),ok (<0.05%),ok (<0.05%)
2010,VT,154825,72699,235065,235178,151281,72699,235178,14,-0.022890360083965767,0,0,BAD (>=2%),ok (<0.05%),ok (<0.05%)
2010,WA,1314930,1196164,2511094,2511094,1314930,1196164,2511094,39,0,0,0,ok (<0.05%),ok (<0.05%),ok (<0.05%)
2010,WI,1020958,1125999,2170693,2171331,1020958,1125999,2171331,72,0,0,0,ok (<0.05%),ok (<0.05%),ok (<0.05%)
2012,AZ,1036542,1104457,2243422,2243422,1036542,1104457,2243422,15,0,0,0,ok (<0.05%),ok (<0.05%),ok (<0.05%)
2012,CA,7864624,4713887,12578511,12578511,7864624,4713887,12578511,58,0,0,0,ok (<0.05%),ok (<0.05%),ok (<0.05%)
2012,CT,828761,651089,1511764,1511764,828761,651089,1504895,8,0,0,-0.004543698619625815,ok (<0.05%),ok (<0.05%),small (<0.5%)
2012,DE,265415,115700,399607,399607,265415,115700,399607,3,0,0,0,ok (<0.05%),ok (<0.05%),ok (<0.05%)
2012,FL,4523451,3458267,8189946,8189946,4523451,3458267,8189946,67,0,0,0,ok (<0.05%),ok (<0.05%),ok (<0.05%)
2012,IN,1281181,1133621,2560102,2560102,1281181,1133621,2560102,92,0,0,0,ok (<0.05%),ok (<0.05%),ok (<0.05%)
2012,MA,1696346,1458048,3156553,3156553,1696346,1458048,3156553,14,0,0,0,ok (<0.05%),ok (<0.05%),ok (<0.05%)
2012,MD,1474239,693291,2630869,2633215,1474028,693291,2633234,24,-1.43124690094347e-4,0,7.2155141148747825e-6,ok (<0.05%),ok (<0.05%),ok (<0.05%)
2012,ME,92900,215399,700599,700599,369061,214812,605490,16,2.972669537136706,-0.0027251751400888583,-0.13575383350532902,BAD (>=2%),small (<0.5%),BAD (>=2%)
2012,MI,2735826,1767386,4652918,4652918,2735826,1767386,4652918,83,0,0,0,ok (<0.05%),ok (<0.05%),ok (<0.05%)
2012,MN,1854595,867974,2840639,2843207,1854595,867974,2843207,87,0,0,0,ok (<0.05%),ok (<0.05%),ok (<0.05%)
2012,MO,1494125,1066159,2725793,2725793,1384027,1045499,2590220,115,-0.07368727516104744,-0.019377972703883754,-0.04973708568478971,BAD (>=2%),check (0.5-2%),BAD (>=2%)
2012,MS,503467,709626,1241568,1241568,503467,709626,1241568,82,0,0,0,ok (<0.05%),ok (<0.05%),ok (<0.05%)
2012,MT,236123,218051,486066,486066,236123,218051,486066,56,0,0,0,ok (<0.05%),ok (<0.05%),ok (<0.05%)
2012,ND,161163,158282,319445,320851,161163,158282,320851,53,0,0,0,ok (<0.05%),ok (<0.05%),ok (<0.05%)
2012,NE,332979,455593,788572,788572,332979,455593,788572,93,0,0,0,ok (<0.05%),ok (<0.05%),ok (<0.05%)
2012,NJ,1985783,1329405,3374668,3374668,1985783,1329405,3374668,21,0,0,0,ok (<0.05%),ok (<0.05%),ok (<0.05%)
2012,NM,395717,351260,775793,775793,395717,351259,775792,33,0,-2.8468940386038832e-6,-1.2890036388572724e-6,ok (<0.05%),ok (<0.05%),ok (<0.05%)
2012,NV,446080,457656,997805,997805,446080,457656,997805,17,0,0,0,ok (<0.05%),ok (<0.05%),ok (<0.05%)
2012,NY,4822330,1758702,6677666,6679678,4822330,1758702,6679678,62,0,0,0,ok (<0.05%),ok (<0.05%),ok (<0.05%)
2012,OH,2762766,2435744,5449127,5449127,2762757,2435740,5449114,88,-3.257604878589066e-6,-1.6422087050199036e-6,-2.385703251181336e-6,ok (<0.05%),ok (<0.05%),ok (<0.05%)
2012,PA,3021364,2606058,5627422,5629491,3021364,2509132,5627422,67,0,-0.03719257207629301,-3.67528787238491e-4,ok (<0.05%),BAD (>=2%),ok (<0.05%)
2012,RI,271034,146222,417300,418189,270791,146176,417899,5,-8.965664824339382e-4,-3.1459014375401787e-4,-6.934663513387488e-4,small (<0.5%),ok (<0.05%),small (<0.5%)
2012,TN,706118,1506443,2321477,2321477,705882,1506443,2321477,95,-3.3422175896946404e-4,0,0,ok (<0.05%),ok (<0.05%),ok (<0.05%)
2012,TX,3194927,4440137,7864822,7864822,3194927,4440137,7864822,254,0,0,0,ok (<0.05%),ok (<0.05%),ok (<0.05%)
2012,UT,301873,657608,1006901,1006901,301873,657608,1006901,29,0,0,0,ok (<0.05%),ok (<0.05%),ok (<0.05%)
2012,VA,2010067,1785542,3795609,3802196,2010067,1785542,3802196,134,0,0,0,ok (<0.05%),ok (<0.05%),ok (<0.05%)
2012,VT,207848,72898,292510,292762,209053,73198,294267,14,0.005797505869673992,0.004115339241131444,0.005140694489038878,check (0.5-2%),small (<0.5%),check (0.5-2%)
2012,WA,1855493,1213924,3069417,3069417,1855493,1213924,3069417,39,0,0,0,ok (<0.05%),ok (<0.05%),ok (<0.05%)
2012,WI,1547104,1380126,3006038,3009411,1547104,1380126,3009411,72,0,0,0,ok (<0.05%),ok (<0.05%),ok (<0.05%)
2012,WV,399898,240787,660202,660202,399908,240787,660212,55,2.500637662603964e-5,0,1.5146879288460199e-5,ok (<0.05%),ok (<0.05%),ok (<0.05%)
2012,WY,53019,185250,244445,244862,53019,185250,244862,23,0,0,0,ok (<0.05%),ok (<0.05%),ok (<0.05%)
2014,AL,0,795606,795606,818090,0,795606,818090,67,0,0,0,ok (<0.05%),ok (<0.05%),ok (<0.05%)
2014,AR,334174,478819,847505,847505,334174,478819,847505,75,0,0,0,ok (<0.05%),ok (<0.05%),ok (<0.05%)
2014,CO,944203,983891,2041058,2041058,944203,983891,2041058,64,0,0,0,ok (<0.05%),ok (<0.05%),ok (<0.05%)
2014,DE,130655,98823,234038,234038,130655,98823,234038,3,0,0,0,ok (<0.05%),ok (<0.05%),ok (<0.05%)
2014,GA,1160811,1358088,2567805,2567805,1160811,1358088,2567805,159,0,0,0,ok (<0.05%),ok (<0.05%),ok (<0.05%)
2014,IA,494370,588575,1128589,1129700,494370,588575,1129700,99,0,0,0,ok (<0.05%),ok (<0.05%),ok (<0.05%)
2014,ID,151574,285596,437170,437170,151574,285596,437170,44,0,0,0,ok (<0.05%),ok (<0.05%),ok (<0.05%)
2014,IL,1929637,1538522,3603519,3603519,1929637,1538522,3603519,102,0,0,0,ok (<0.05%),ok (<0.05%),ok (<0.05%)
2014,KS,0,460350,866191,866191,0,460350,866191,105,0,0,0,ok (<0.05%),ok (<0.05%),ok (<0.05%)
2014,KY,584698,806787,1435868,1435868,584698,806787,1435868,120,0,0,0,ok (<0.05%),ok (<0.05%),ok (<0.05%)
2014,LA,561210,712379,1273589,1273589,561210,712379,1273589,64,0,0,0,ok (<0.05%),ok (<0.05%),ok (<0.05%)
2014,MA,1289944,791950,2084972,2084972,1289944,791950,2084972,14,0,0,0,ok (<0.05%),ok (<0.05%),ok (<0.05%)
2014,ME,190244,413495,603739,604008,189820,413070,603157,16,-0.0022287168057862536,-0.0010278237947254501,-0.0014089217361359452,small (<0.5%),small (<0.5%),small (<0.5%)
2014,MI,1704936,1290199,3121775,3121775,1704936,1290199,3121775,83,0,0,0,ok (<0.05%),ok (<0.05%),ok (<0.05%)
2014,MN,1053205,850227,1980647,1981528,1053205,850227,1981528,87,0,0,0,ok (<0.05%),ok (<0.05%),ok (<0.05%)
2014,MS,239439,378481,631858,631858,239439,378481,631858,82,0,0,0,ok (<0.05%),ok (<0.05%),ok (<0.05%)
2014,MT,148184,213709,369826,369826,148184,213709,369826,56,0,0,0,ok (<0.05%),ok (<0.05%),ok (<0.05%)
2014,NC,1377651,1423259,2910974,2915281,1377651,1423259,2915281,100,0,0,0,ok (<0.05%),ok (<0.05%),ok (<0.05%)
2014,NE,170127,347636,539891,540337,170127,347636,540337,93,0,0,0,ok (<0.05%),ok (<0.05%),ok (<0.05%)
2014,NH,251184,235347,486531,488159,251184,235347,488159,10,0,0,0,ok (<0.05%),ok (<0.05%),ok (<0.05%)
2014,NJ,1043866,791297,1869535,1869535,1043866,791297,1869535,21,0,0,0,ok (<0.05%),ok (<0.05%),ok (<0.05%)
2014,NM,286409,229097,515506,515506,286409,229097,515506,33,0,0,0,ok (<0.05%),ok (<0.05%),ok (<0.05%)
2014,OK,234307,558166,820733,820733,234307,558166,820733,77,0,0,0,ok (<0.05%),ok (<0.05%),ok (<0.05%)
2014,OR,814537,538847,1454946,1461618,814537,538847,1461618,36,0,0,0,ok (<0.05%),ok (<0.05%),ok (<0.05%)
2014,RI,223675,92684,316367,316898,223654,92683,316876,5,-9.388621884430535e-5,-1.0789348754909154e-5,-6.942296890482111e-5,ok (<0.05%),ok (<0.05%),ok (<0.05%)
2014,SC,480933,672941,1235301,1240075,480933,672941,1240075,46,0,0,0,ok (<0.05%),ok (<0.05%),ok (<0.05%)
2014,SD,82456,140741,279412,279412,82456,140741,279412,66,0,0,0,ok (<0.05%),ok (<0.05%),ok (<0.05%)
2014,TN,437848,850092,1374065,1374065,437848,850087,1366628,95,0,-5.881716331879373e-6,-0.0054124077099700525,ok (<0.05%),ok (<0.05%),check (0.5-2%)
2014,TX,1597387,2861531,4648358,4648358,1597387,2861531,4648358,254,0,0,0,ok (<0.05%),ok (<0.05%),ok (<0.05%)
2014,VA,1073667,1055940,2182709,2184473,1073667,1055940,2184473,133,0,0,0,ok (<0.05%),ok (<0.05%),ok (<0.05%)
2014,WV,156360,281820,453689,453689,156360,281820,453659,55,0,0,-6.612459195616381e-5,ok (<0.05%),ok (<0.05%),ok (<0.05%)
2014,WY,29377,121554,167919,168390,29377,121554,168390,23,0,0,0,ok (<0.05%),ok (<0.05%),ok (<0.05%)
2016,AL,748709,1335104,2083813,2087444,747051,1334131,2084436,67,-0.002214478522363161,-7.287821772685873e-4,-0.0014409967405113622,small (<0.5%),small (<0.5%),small (<0.5%)
2016,AR,400602,661984,1107522,1107522,400590,661984,1107491,75,-2.99549178486378e-5,0,-2.7990414637361607e-5,ok (<0.05%),ok (<0.05%),ok (<0.05%)
2016,AZ,1031245,1359267,2530730,2530730,1031241,1359258,2547042,15,-3.878806685123322e-6,-6.6212156993438375e-6,0.006445571040766893,ok (<0.05%),ok (<0.05%),check (0.5-2%)
2016,CA,12244176,0,12244176,12244176,12238288,0,12238288,58,-4.8088168611754684e-4,0,-4.8088168611754684e-4,ok (<0.05%),ok (<0.05%),ok (<0.05%)
2016,CO,1370710,1215318,2743029,2743029,1370710,1215318,2743029,64,0,0,0,ok (<0.05%),ok (<0.05%),ok (<0.05%)
2016,CT,1008714,552621,1596264,1596276,1008526,552621,1596051,8,-1.8637592023110615e-4,0,-1.4095306826639002e-4,ok (<0.05%),ok (<0.05%),ok (<0.05%)
2016,FL,4122088,4835191,9301820,9301820,4122074,4835185,9315264,67,-3.396337002024217e-6,-1.2409023759350976e-6,0.0014453085525198296,ok (<0.05%),ok (<0.05%),small (<0.5%)
2016,GA,1599726,2135806,3898605,3898605,1599726,2135806,3898605,159,0,0,0,ok (<0.05%),ok (<0.05%),ok (<0.05%)
2016,IA,549460,926007,1539351,1541036,549460,926007,1541036,99,0,0,0,ok (<0.05%),ok (<0.05%),ok (<0.05%)
2016,ID,188249,449017,678943,678943,188249,449017,678891,44,0,0,-7.658964007287798e-5,ok (<0.05%),ok (<0.05%),ok (<0.05%)
2016,IL,3012940,2184692,5491878,5491878,3019553,2184692,5497852,102,0.002194866144032075,0,0.0010877881846610576,small (<0.5%),ok (<0.05%),small (<0.5%)
2016,IN,1158947,1423991,2732546,2732546,1157692,1423012,2730590,92,-0.0010828795449662496,-6.875043451819569e-4,-7.158159460078623e-4,small (<0.5%),small (<0.5%),small (<0.5%)
2016,KS,379740,732376,1177922,1177922,379744,732378,1178501,105,1.0533522936746195e-5,2.7308377117764644e-6,4.915435826820452e-4,ok (<0.05%),ok (<0.05%),ok (<0.05%)
2016,KY,813246,1090177,1903465,1903465,813164,1090077,1903613,120,-1.008304990125989e-4,-9.172822394895508e-5,7.7752940033045e-5,ok (<0.05%),ok (<0.05%),ok (<0.05%)
2016,LA,347816,536191,884007,884007,695288,1185889,1933635,64,0.9990109713181682,1.2116913562517835,1.1873525888369663,BAD (>=2%),BAD (>=2%),BAD (>=2%)
2016,MD,1659907,972557,2722939,2726170,1660027,972099,2725672,24,7.229320678809113e-5,-4.709235551232473e-4,-1.8267386113118405e-4,ok (<0.05%),ok (<0.05%),ok (<0.05%)
2016,MO,1300200,1378458,2802641,2802641,1200098,1354410,2673937,115,-0.0769896938932472,-0.017445580496467793,-0.0459223996223562,BAD (>=2%),check (0.5-2%),BAD (>=2%)
2016,NC,2128165,2395376,4691133,4691133,2128165,2395376,4691133,100,0,0,0,ok (<0.05%),ok (<0.05%),ok (<0.05%)
2016,ND,58116,268788,342135,342501,58116,268788,342501,53,0,0,0,ok (<0.05%),ok (<0.05%),ok (<0.05%)
2016,NH,354649,353632,738620,739140,244747,270015,536712,10,-0.3098894963752894,-0.2364520179169306,-0.27386963227534705,BAD (>=2%),BAD (>=2%),BAD (>=2%)
2016,NV,521994,495079,1108294,1108294,521869,494833,1107900,17,-2.3946635401939485e-4,-4.968903952702498e-4,-3.5550133809259996e-4,ok (<0.05%),ok (<0.05%),ok (<0.05%)
2016,NY,5221945,2009355,7392833,7396305,5196132,1990527,7349821,61,-0.0049431773027100055,-0.00937017102503042,-0.0062847597550398475,small (<0.5%),check (0.5-2%),check (0.5-2%)
2016,OH,1996908,3118567,5374164,5374164,1996908,3118567,5374164,88,0,0,0,ok (<0.05%),ok (<0.05%),ok (<0.05%)
2016,OK,355911,980892,1448047,1448047,355911,980892,1448047,77,0,0,0,ok (<0.05%),ok (<0.05%),ok (<0.05%)
2016,OR,1105119,651106,1950420,1952478,1105119,651106,1952477,36,0,0,-5.121696633713671e-7,ok (<0.05%),ok (<0.05%),ok (<0.05%)
2016,PA,2865012,2951702,6051856,6058511,2865009,2951706,6051857,67,-1.0471160330218513e-6,1.355150350543517e-6,-0.001098289662261899,ok (<0.05%),ok (<0.05%),small (<0.5%)
2016,SC,757022,1241609,2048036,2049893,704540,1241609,1972581,46,-0.06932691520193601,0,-0.03771513927800134,BAD (>=2%),ok (<0.05%),BAD (>=2%)
2016,SD,104140,265516,369656,369656,104125,265494,369619,66,-1.4403687343960054e-4,-8.285753024299854e-5,-1.0009305949315039e-4,ok (<0.05%),ok (<0.05%),ok (<0.05%)
2016,UT,301860,760241,1115608,1115608,302336,760493,1119261,29,0.0015768899489829722,3.314738352706576e-4,0.0032744476554488673,small (<0.5%),ok (<0.05%),small (<0.5%)
2016,VT,192243,103637,313641,313809,192243,103637,313809,14,0,0,0,ok (<0.05%),ok (<0.05%),ok (<0.05%)
2016,WA,1913979,1329338,3243317,3243317,1913186,1328264,3241450,39,-4.1432011531996953e-4,-8.079209350819732e-4,-5.75645242201117e-4,ok (<0.05%),small (<0.5%),small (<0.5%)
2016,WI,1380335,1479471,2947345,2948741,1380335,1479479,2948741,72,0,5.407338163438148e-6,0,ok (<0.05%),ok (<0.05%),ok (<0.05%)
2018,AZ,1191100,1135200,2384308,2384308,1191100,1135200,2387543,15,0,0,0.0013567877975496454,ok (<0.05%),ok (<0.05%),small (<0.5%)
2018,CA,11113364,0,11113364,11113364,11113364,0,11113364,58,0,0,0,ok (<0.05%),ok (<0.05%),ok (<0.05%)
2018,CT,825579,545717,1386840,1386840,825579,545717,1386826,8,0,0,-1.0094891984655765e-5,ok (<0.05%),ok (<0.05%),ok (<0.05%)
2018,DE,217385,137127,362606,362606,71957,77601,152294,3,-0.668988200657819,-0.4340939421120567,-0.5800014340634186,BAD (>=2%),BAD (>=2%),BAD (>=2%)
2018,FL,4089472,4099505,8190005,8190005,4088007,4099038,8211517,67,-3.5823695577326365e-4,-1.1391619232078019e-4,0.002626616223067019,ok (<0.05%),ok (<0.05%),small (<0.5%)
2018,IN,1023553,1158000,2282565,2282565,1023553,1158000,2282565,92,0,0,0,ok (<0.05%),ok (<0.05%),ok (<0.05%)
2018,MA,1633371,979210,2707090,2707090,1633371,979210,2707090,14,0,0,0,ok (<0.05%),ok (<0.05%),ok (<0.05%)
2018,MD,1491614,697017,2298239,2299889,1491614,697017,2299889,24,0,0,0,ok (<0.05%),ok (<0.05%),ok (<0.05%)
2018,ME,66268,223502,634409,634409,65570,223253,631987,16,-0.010532987263837749,-0.001114083990299863,-0.0038177264193919066,check (0.5-2%),small (<0.5%),small (<0.5%)
2018,MI,2214478,1938818,4237271,4237271,2214478,1938818,4237287,83,0,0,3.776015270205753e-6,ok (<0.05%),ok (<0.05%),ok (<0.05%)
2018,MN,1566174,940437,2596007,2596879,1566174,940437,2596879,87,0,0,0,ok (<0.05%),ok (<0.05%),ok (<0.05%)
2018,MO,1112935,1254927,2442289,2442289,1112944,1254942,2442315,116,8.086725639862166e-6,1.1952886502561504e-5,1.064575076905313e-5,ok (<0.05%),ok (<0.05%),ok (<0.05%)
2018,MS,369567,547619,936215,936215,369567,553667,936215,82,0,0.01104417487340651,0,ok (<0.05%),check (0.5-2%),ok (<0.05%)
2018,MT,253876,235963,504384,504384,253876,235963,504384,56,0,0,0,ok (<0.05%),ok (<0.05%),ok (<0.05%)
2018,ND,144376,179720,324096,326138,144376,179720,326138,53,0,0,0,ok (<0.05%),ok (<0.05%),ok (<0.05%)
2018,NE,269917,403151,698417,698883,269917,403151,698417,93,0,0,-6.667782733304431e-4,ok (<0.05%),ok (<0.05%),small (<0.5%)
2018,NJ,1711654,1357355,3169310,3169310,1684391,1340763,3127554,21,-0.015927868599611837,-0.012223773441730425,-0.013175107515515996,check (0.5-2%),check (0.5-2%),check (0.5-2%)
2018,NM,376998,212813,697012,697012,376998,212813,697012,33,0,0,0,ok (<0.05%),ok (<0.05%),ok (<0.05%)
2018,NV,490071,441202,972132,972132,490071,441202,972132,17,0,0,0,ok (<0.05%),ok (<0.05%),ok (<0.05%)
2018,NY,4056931,1998220,6055151,6059023,4051458,1992647,6045540,62,-0.0013490493183147556,-0.002788982194152796,-0.002225276253283739,small (<0.5%),small (<0.5%),small (<0.5%)
2018,OH,2358508,2057559,4417084,4417084,2358508,2057559,4416067,88,0,0,-2.3024239520914703e-4,ok (<0.05%),ok (<0.05%),ok (<0.05%)
2018,PA,2792437,2134848,5009400,5010968,2792615,2135149,5009890,67,6.374360460056932e-5,1.409936445123962e-4,-2.1512809501078435e-4,ok (<0.05%),ok (<0.05%),ok (<0.05%)
2018,RI,231477,144421,376020,376738,231338,144418,376596,5,-6.0049162551787e-4,-2.077260232237694e-5,-3.769197691764568e-4,small (<0.5%),ok (<0.05%),ok (<0.05%)
2018,TN,985450,1227483,2243740,2243740,985450,1227483,2243740,95,0,0,0,ok (<0.05%),ok (<0.05%),ok (<0.05%)
2018,TX,4045632,4260553,8371655,8371655,4044073,4259630,8369175,254,-3.8535388290383306e-4,-2.166385443391973e-4,-2.962377212152197e-4,ok (<0.05%),ok (<0.05%),ok (<0.05%)
2018,UT,328541,665215,1062897,1062897,328537,665093,1064354,29,-1.2175040558103858e-5,-1.8339935208917416e-4,0.0013707819290109955,ok (<0.05%),ok (<0.05%),small (<0.5%)
2018,VA,1910370,1374313,3346248,3351757,1910370,1374313,3351757,133,0,0,0,ok (<0.05%),ok (<0.05%),ok (<0.05%)
2018,VT,0,74815,272343,272624,0,74815,272624,14,0,0,0,ok (<0.05%),ok (<0.05%),ok (<0.05%)
2018,WA,1803364,1282804,3086168,3086168,1802779,1282006,3086786,39,-3.2439374413595926e-4,-6.220747674625274e-4,2.0024833385609596e-4,ok (<0.05%),small (<0.5%),ok (<0.05%)
2018,WI,1472914,1184885,2657841,2660763,1472914,1184885,2657841,72,0,0,-0.0010981812359838136,ok (<0.05%),ok (<0.05%),small (<0.5%)
2018,WV,290510,271113,586034,586034,290510,271113,586034,55,0,0,0,ok (<0.05%),ok (<0.05%),ok (<0.05%)
2018,WY,61227,136210,203095,203420,61227,136210,203420,23,0,0,0,ok (<0.05%),ok (<0.05%),ok (<0.05%)
2020,AL,920478,1392076,2312554,2316445,920478,1392076,2316445,67,0,0,0,ok (<0.05%),ok (<0.05%),ok (<0.05%)
2020,AR,0,793871,1193261,1193261,0,793871,1193261,75,0,0,0,ok (<0.05%),ok (<0.05%),ok (<0.05%)
2020,CO,1731114,1429492,3235790,3235790,1731114,1429492,3235790,64,0,0,0,ok (<0.05%),ok (<0.05%),ok (<0.05%)
2020,DE,291804,186054,490935,490935,291804,186054,490935,3,0,0,0,ok (<0.05%),ok (<0.05%),ok (<0.05%)
2020,GA,2269923,2214979,4484902,4484902,2374519,2462617,4952175,159,0.0460790960750651,0.11180151143645155,0.10418800678364878,BAD (>=2%),BAD (>=2%),BAD (>=2%)
2020,IA,754859,864997,1670617,1671828,754859,864997,1671828,99,0,0,0,ok (<0.05%),ok (<0.05%),ok (<0.05%)
2020,ID,285864,538446,859827,859827,285864,538446,859827,44,0,0,0,ok (<0.05%),ok (<0.05%),ok (<0.05%)
2020,IL,3278930,2319870,5968901,5968901,3278930,2319870,5970891,102,0,0,3.3339470699882606e-4,ok (<0.05%),ok (<0.05%),ok (<0.05%)
2020,KS,571530,727962,1367755,1367755,571530,727962,1368211,105,0,0,3.333930418825009e-4,ok (<0.05%),ok (<0.05%),ok (<0.05%)
2020,KY,816257,1233315,2135057,2135057,816042,1233055,2134446,120,-2.633974348765156e-4,-2.108139445316079e-4,-2.861750295191182e-4,ok (<0.05%),ok (<0.05%),ok (<0.05%)
2020,LA,730989,1267291,2071543,2071543,730989,1267291,2071543,64,0,0,0,ok (<0.05%),ok (<0.05%),ok (<0.05%)
2020,MA,2357809,1177765,3564136,3564136,2357809,1198899,3564136,14,0,0.017944156941325305,0,ok (<0.05%),check (0.5-2%),ok (<0.05%)
2020,ME,347223,417645,818955,819183,343155,416556,813535,16,-0.011715813756577185,-0.0026074776424954206,-0.006894674327958466,check (0.5-2%),small (<0.5%),check (0.5-2%)
2020,MI,2734568,2642233,5479720,5479720,2734610,2642291,5479820,83,1.535891592383148e-5,2.19511299722621e-5,1.824910761863745e-5,ok (<0.05%),ok (<0.05%),ok (<0.05%)
2020,MN,1566522,1398145,3212027,3214256,1566522,1398145,3214256,87,0,0,0,ok (<0.05%),ok (<0.05%),ok (<0.05%)
2020,MS,578691,709511,1311354,1311354,578691,709511,1311354,82,0,0,0,ok (<0.05%),ok (<0.05%),ok (<0.05%)
2020,MT,272463,333174,605637,605637,272463,333174,605637,56,0,0,0,ok (<0.05%),ok (<0.05%),ok (<0.05%)
2020,NC,2569965,2665598,5474952,5474952,2569965,2665598,5474952,100,0,0,0,ok (<0.05%),ok (<0.05%),ok (<0.05%)
2020,NE,227191,583507,924224,930012,227191,583507,865813,93,0,0,-0.0690302920822527,ok (<0.05%),ok (<0.05%),BAD (>=2%)
2020,NH,450778,326229,795428,795914,450778,326229,795914,10,0,0,0,ok (<0.05%),ok (<0.05%),ok (<0.05%)
2020,NJ,2541239,1817091,4440540,4440540,2541239,1817091,4440540,21,0,0,0,ok (<0.05%),ok (<0.05%),ok (<0.05%)
2020,NM,474483,418483,917237,917237,474452,418472,916215,33,-6.533426908867125e-5,-2.628541661190538e-5,-0.0011142158460681372,ok (<0.05%),ok (<0.05%),small (<0.5%)
2020,OK,509763,979140,1556361,1556361,509763,979140,1556361,77,0,0,0,ok (<0.05%),ok (<0.05%),ok (<0.05%)
2020,OR,1321047,912814,2318847,2321249,1321047,912814,2321249,36,0,0,0,ok (<0.05%),ok (<0.05%),ok (<0.05%)
2020,RI,328574,164855,493429,494262,327427,164774,493034,5,-0.003490842245582426,-4.913408753146705e-4,-0.0024845122627270557,small (<0.5%),ok (<0.05%),small (<0.5%)
2020,SC,1110828,1369137,2512810,2515104,1110828,1369137,2515104,46,0,0,0,ok (<0.05%),ok (<0.05%),ok (<0.05%)
2020,SD,143987,276232,420219,420219,143987,276232,420219,66,0,0,0,ok (<0.05%),ok (<0.05%),ok (<0.05%)
2020,TN,1040691,1840926,2959761,2959761,1040691,1840926,2959761,95,0,0,0,ok (<0.05%),ok (<0.05%),ok (<0.05%)
2020,TX,4888764,5962983,11144040,11144040,4887315,5961643,11140334,254,-2.963939351541617e-4,-2.2471974178024656e-4,-3.325544416567062e-4,ok (<0.05%),ok (<0.05%),ok (<0.05%)
2020,VA,2466500,1934199,4400699,4405087,2466500,1934199,4406114,133,0,0,2.331395497977679e-4,ok (<0.05%),ok (<0.05%),ok (<0.05%)
2020,WV,210309,547454,778918,778918,210309,547454,778918,55,0,0,0,ok (<0.05%),ok (<0.05%),ok (<0.05%)
2020,WY,73766,198100,271866,272937,72766,198100,271937,23,-0.013556380988531302,0,-0.003663849166657507,check (0.5-2%),ok (<0.05%),small (<0.5%)
2022,AL,436746,942154,1411779,1414238,436746,942154,1414238,67,0,0,0,ok (<0.05%),ok (<0.05%),ok (<0.05%)
2022,AR,280187,592437,901306,901306,277906,590508,897030,74,-0.008140991552070582,-0.003256042414636493,-0.004744226711017124,check (0.5-2%),small (<0.5%),small (<0.5%)
2022,AZ,1322027,1196308,2572294,2572294,1321911,1196308,2574380,15,-8.774404758753036e-5,0,8.109492927324793e-4,ok (<0.05%),ok (<0.05%),small (<0.5%)
2022,CO,1397170,1031693,2500201,2500201,1397170,1031693,2500201,64,0,0,0,ok (<0.05%),ok (<0.05%),ok (<0.05%)
2022,CT,723864,535943,1259887,1259887,723863,535943,1259886,8,-1.3814749731993856e-6,0,-7.937219766534618e-7,ok (<0.05%),ok (<0.05%),ok (<0.05%)
2022,FL,3201522,4474847,7758014,7758014,3201522,4474846,7761093,67,0,-2.2347132762304498e-7,3.968799231349673e-4,ok (<0.05%),ok (<0.05%),ok (<0.05%)
2022,GA,1820633,1721244,3541877,3541877,1820633,1721244,3541877,159,0,0,0,ok (<0.05%),ok (<0.05%),ok (<0.05%)
2022,IA,533330,681501,1214831,1216646,533330,681501,1216646,99,0,0,0,ok (<0.05%),ok (<0.05%),ok (<0.05%)
2022,ID,169808,358539,590890,590890,169388,357111,588918,43,-0.002473381701686611,-0.003982830319714173,-0.003337338590939092,small (<0.5%),small (<0.5%),small (<0.5%)
2022,IL,2329136,1701055,4098896,4098896,2329136,1701055,4100287,102,0,0,3.393596714822723e-4,ok (<0.05%),ok (<0.05%),ok (<0.05%)
2022,IN,704480,1090390,1860154,1860154,704411,1090165,1859851,92,-9.794458323870089e-5,-2.0634818734581204e-4,-1.6288973923664384e-4,ok (<0.05%),ok (<0.05%),ok (<0.05%)
2022,KS,372214,602976,1004956,1004956,372211,602971,1004948,105,-8.059879531667266e-6,-8.292204001485963e-6,-7.96054752645887e-6,ok (<0.05%),ok (<0.05%),ok (<0.05%)
2022,KY,564311,913326,1477830,1477830,564231,913257,1477622,120,-1.4176579935532002e-4,-7.554805184567175e-5,-1.4074690593640675e-4,ok (<0.05%),ok (<0.05%),ok (<0.05%)
2022,LA,481065,876843,1383290,1383290,481065,876843,1383290,64,0,0,0,ok (<0.05%),ok (<0.05%),ok (<0.05%)
2022,MD,1316897,682293,1999613,2002336,1317231,682293,2002336,24,2.536265174877003e-4,0,0,ok (<0.05%),ok (<0.05%),ok (<0.05%)
2022,MO,872694,1146966,2069130,2069130,872346,1146224,2068008,116,-3.9876520292336147e-4,-6.469241459642222e-4,-5.422568905771991e-4,ok (<0.05%),small (<0.5%),small (<0.5%)
2022,NC,1784049,1905786,3771546,3773924,1783875,1905603,3773555,100,-9.753095346596422e-5,-9.602337303348855e-5,-9.777621382942528e-5,ok (<0.05%),ok (<0.05%),ok (<0.05%)
2022,ND,59995,135474,239875,240140,59995,135474,240140,53,0,0,0,ok (<0.05%),ok (<0.05%),ok (<0.05%)
2022,NH,332490,275631,620511,620975,332193,275928,620975,10,-8.93259947667599e-4,0.0010775275640258172,0,small (<0.5%),small (<0.5%),ok (<0.05%)
2022,NV,498316,490388,1020850,1020850,498188,490159,1020481,17,-2.568651217299866e-4,-4.6697716909875446e-4,-3.614634863104276e-4,ok (<0.05%),ok (<0.05%),ok (<0.05%)
2022,NY,3320561,2501151,5848556,5852707,3322583,2505946,5859120,61,6.089332495322326e-4,0.0019171173591678392,0.0010957322825147406,small (<0.5%),small (<0.5%),small (<0.5%)
2022,OH,1939489,2192114,4133342,4133342,1939489,2192114,4133342,88,0,0,0,ok (<0.05%),ok (<0.05%),ok (<0.05%)
2022,OK,369370,739960,1150732,1150732,369370,739960,1150732,77,0,0,0,ok (<0.05%),ok (<0.05%),ok (<0.05%)
2022,OR,1076424,788991,1925752,1927949,1076424,788985,1927926,36,0,-7.604649482693719e-6,-1.192977615071768e-5,ok (<0.05%),ok (<0.05%),ok (<0.05%)
2022,PA,2751012,2487260,5368021,5375885,2750317,2487091,5366638,67,-2.52634303303657e-4,-6.79462541109494e-5,-0.0017200888783893257,ok (<0.05%),ok (<0.05%),small (<0.5%)
2022,SC,627616,1066274,1693890,1695702,629908,1070031,1701756,46,0.0036519145464742773,0.003523484582762029,0.0035702027832720607,small (<0.5%),small (<0.5%),small (<0.5%)
2022,SD,91007,242316,348020,348020,91007,242316,348020,66,0,0,0,ok (<0.05%),ok (<0.05%),ok (<0.05%)
2022,UT,0,571974,1076068,1076068,0,571830,1076540,29,0,-2.517596953707686e-4,4.386339896735151e-4,ok (<0.05%),ok (<0.05%),ok (<0.05%)
2022,VT,196575,80468,286488,287100,196582,80507,287077,14,3.5609818135571664e-5,4.846647114380872e-4,-8.011145942180425e-5,ok (<0.05%),ok (<0.05%),ok (<0.05%)
2022,WA,1741827,1299322,3041149,3047900,1741255,1297894,3039149,39,-3.28390821820996e-4,-0.001099034727342414,-0.0028711571901965287,ok (<0.05%),small (<0.5%),small (<0.5%)
2022,WI,1310467,1337185,2647719,2652477,1310467,1337185,2652477,72,0,0,0,ok (<0.05%),ok (<0.05%),ok (<0.05%)
