year,state_po,check,official,ours,diff,rel,n_counties,status
2000,AL,state_total,1666272,1672551,6279,0.0037682923316241287,67,small (<0.5%)
2000,AZ,state_total,1532016,1534113,2097,0.001368784660212426,15,small (<0.5%)
2000,AR,state_total,921781,921781,0,0,75,ok (<0.05%)
2000,CA,state_total,10965856,10965856,0,0,58,ok (<0.05%)
2000,CO,state_total,1741368,1741365,-3,-1.722783466791626e-6,63,ok (<0.05%)
2000,CT,state_total,1459525,1459525,0,0,8,ok (<0.05%)
2000,DE,state_total,327622,327529,-93,-2.8386372099553755e-4,3,ok (<0.05%)
2000,FL,state_total,5963110,5960660,-2450,-4.108594340872464e-4,67,ok (<0.05%)
2000,GA,state_total,2596804,2596804,0,0,159,ok (<0.05%)
2000,ID,state_total,501621,501621,0,0,44,ok (<0.05%)
2000,IL,state_total,4742123,4742123,0,0,102,ok (<0.05%)
2000,IN,state_total,2199302,2199305,3,1.3640691455743686e-6,92,ok (<0.05%)
2000,IA,state_total,1315563,1315563,0,0,99,ok (<0.05%)
2000,KS,state_total,1072218,1072216,-2,-1.8652923192858168e-6,105,ok (<0.05%)
2000,KY,state_total,1544187,1544187,0,0,120,ok (<0.05%)
2000,LA,state_total,1765656,1765656,0,0,64,ok (<0.05%)
2000,ME,state_total,651817,651817,0,0,16,ok (<0.05%)
2000,MD,state_total,2025480,2025480,0,0,24,ok (<0.05%)
2000,MA,state_total,2702984,2702984,0,0,14,ok (<0.05%)
2000,MI,state_total,4232501,4232711,210,4.961605443211945e-5,83,ok (<0.05%)
2000,MN,state_total,2438685,2438685,0,0,87,ok (<0.05%)
2000,MS,state_total,994184,994926,742,7.463407176136409e-4,82,small (<0.5%)
2000,MO,state_total,2359892,2359892,0,0,115,ok (<0.05%)
2000,MT,state_total,410997,410986,-11,-2.6764185626659077e-5,56,ok (<0.05%)
2000,NE,state_total,697019,697019,0,0,93,ok (<0.05%)
2000,NV,state_total,608970,608970,0,0,17,ok (<0.05%)
2000,NH,state_total,569081,569081,0,0,10,ok (<0.05%)
2000,NJ,state_total,3187226,3187226,0,0,21,ok (<0.05%)
2000,NM,state_total,598605,598605,0,0,33,ok (<0.05%)
2000,NY,state_total,6821999,6821999,0,0,62,ok (<0.05%)
2000,NC,state_total,2911262,2911262,0,0,100,ok (<0.05%)
2000,ND,state_total,288256,288267,11,3.8160523978685616e-5,53,ok (<0.05%)
2000,OH,state_total,4705457,4705457,0,0,88,ok (<0.05%)
2000,OK,state_total,1234229,1234229,0,0,77,ok (<0.05%)
2000,OR,state_total,1533968,1533968,0,0,36,ok (<0.05%)
2000,PA,state_total,4913119,4912185,-934,-0.00019010327248332476,67,ok (<0.05%)
2000,RI,state_total,409112,409112,0,0,5,ok (<0.05%)
2000,SC,state_total,1382717,1383777,1060,7.666066158150945e-4,46,small (<0.5%)
2000,SD,state_total,316269,316269,0,0,66,ok (<0.05%)
2000,TN,state_total,2076181,2076181,0,0,95,ok (<0.05%)
2000,TX,state_total,6407637,6407637,0,0,254,ok (<0.05%)
2000,UT,state_total,770754,770754,0,0,29,ok (<0.05%)
2000,VT,state_total,294308,294308,0,0,14,ok (<0.05%)
2000,VA,state_total,2739447,2737915,-1532,-5.592369554877316e-4,134,small (<0.5%)
2000,WA,state_total,2487433,2488441,1008,4.052370455807252e-4,39,ok (<0.05%)
2000,WV,state_total,648124,648124,0,0,55,ok (<0.05%)
2000,WI,state_total,2598607,2598607,0,0,72,ok (<0.05%)
2000,WY,state_total,218351,218351,0,0,23,ok (<0.05%)
2004,AL,state_total,1883449,1883415,-34,-1.805198866547488e-5,67,ok (<0.05%)
2004,AZ,state_total,2012585,2012585,0,0,15,ok (<0.05%)
2004,AR,state_total,1054945,1053694,-1251,-0.0011858438117626985,75,small (<0.5%)
2004,CA,state_total,12421852,12383678,-38174,-0.003073132734152685,58,small (<0.5%)
2004,CO,state_total,2130330,2129630,-700,-3.2858758971614726e-4,64,ok (<0.05%)
2004,CT,state_total,1578769,1578769,0,0,8,ok (<0.05%)
2004,DE,state_total,375190,375170,-20,-5.330632479543698e-5,3,ok (<0.05%)
2004,FL,state_total,7609810,7609810,0,0,67,ok (<0.05%)
2004,GA,state_total,3301875,3298790,-3085,-9.343176225629378e-4,159,small (<0.5%)
2004,ID,state_total,598447,598376,-71,-1.1864041427227474e-4,44,ok (<0.05%)
2004,IL,state_total,5274322,5275415,1093,2.0723042696293477e-4,102,ok (<0.05%)
2004,IN,state_total,2468002,2468002,0,0,92,ok (<0.05%)
2004,IA,state_total,1506908,1506908,0,0,99,ok (<0.05%)
2004,KS,state_total,1187756,1187756,0,0,105,ok (<0.05%)
2004,KY,state_total,1795882,1795860,-22,-1.2250248067523367e-5,120,ok (<0.05%)
2004,LA,state_total,1943106,1943106,0,0,64,ok (<0.05%)
2004,ME,state_total,740752,740752,0,0,16,ok (<0.05%)
2004,MD,state_total,2386678,2386678,0,0,24,ok (<0.05%)
2004,MA,state_total,2912388,2912388,0,0,14,ok (<0.05%)
2004,MI,state_total,4839252,4839252,0,0,83,ok (<0.05%)
2004,MN,state_total,2828387,2827850,-537,-1.898608641603854e-4,87,ok (<0.05%)
2004,MS,state_total,1152145,1152145,0,0,82,ok (<0.05%)
2004,MO,state_total,2731364,2731364,0,0,116,ok (<0.05%)
2004,MT,state_total,450445,450434,-11,-2.4420295485575376e-5,56,ok (<0.05%)
2004,NE,state_total,778186,778186,0,0,93,ok (<0.05%)
2004,NV,state_total,829587,829587,0,0,17,ok (<0.05%)
2004,NH,state_total,677738,677662,-76,-1.1213772873883418e-4,10,ok (<0.05%)
2004,NJ,state_total,3611691,3609691,-2000,-5.537572289545257e-4,21,small (<0.5%)
2004,NM,state_total,756304,756304,0,0,33,ok (<0.05%)
2004,NY,state_total,7391036,7391036,0,0,62,ok (<0.05%)
2004,NC,state_total,3501007,3501007,0,0,100,ok (<0.05%)
2004,ND,state_total,312833,312833,0,0,53,ok (<0.05%)
2004,OH,state_total,5627908,5625631,-2277,-4.04590835528939e-4,88,ok (<0.05%)
2004,OK,state_total,1463758,1463758,0,0,77,ok (<0.05%)
2004,OR,state_total,1836782,1836782,0,0,36,ok (<0.05%)
2004,PA,state_total,5769590,5765764,-3826,-6.631320423114987e-4,67,small (<0.5%)
2004,RI,state_total,437134,436289,-845,-0.0019330457022331824,5,small (<0.5%)
2004,SC,state_total,1617730,1617730,0,0,46,ok (<0.05%)
2004,SD,state_total,388215,388215,0,0,66,ok (<0.05%)
2004,TN,state_total,2437319,2430494,-6825,-0.002800207933389105,95,small (<0.5%)
2004,TX,state_total,7410765,7410749,-16,-2.1590213695886997e-6,254,ok (<0.05%)
2004,UT,state_total,927844,927844,0,0,29,ok (<0.05%)
2004,VT,state_total,312309,312309,0,0,14,ok (<0.05%)
2004,VA,state_total,3198367,3198367,0,0,134,ok (<0.05%)
2004,WA,state_total,2859084,2859084,0,0,39,ok (<0.05%)
2004,WV,state_total,755887,755659,-228,-3.0163238685147384e-4,55,ok (<0.05%)
2004,WI,state_total,2997007,2997007,0,0,72,ok (<0.05%)
2004,WY,state_total,243428,243428,0,0,23,ok (<0.05%)
2008,AL,state_total,2099819,2099819,0,0,67,ok (<0.05%)
2008,AZ,state_total,2293475,2293475,0,0,15,ok (<0.05%)
2008,AR,state_total,1086617,1086617,0,0,75,ok (<0.05%)
2008,CA,state_total,13561900,13561900,0,0,58,ok (<0.05%)
2008,CO,state_total,2401462,2401361,-101,-4.205771317639005e-5,64,ok (<0.05%)
2008,CT,state_total,1646797,1647085,288,1.7488494331723947e-4,8,ok (<0.05%)
2008,DE,state_total,412412,412412,0,0,3,ok (<0.05%)
2008,FL,state_total,8390744,8391639,895,1.0666515388861822e-4,67,ok (<0.05%)
2008,GA,state_total,3924486,3925278,792,2.0180986758520735e-4,159,ok (<0.05%)
2008,ID,state_total,655122,655032,-90,-1.3737899200454268e-4,44,ok (<0.05%)
2008,IL,state_total,5522371,5523051,680,1.231355155240385e-4,102,ok (<0.05%)
2008,IN,state_total,2751054,2751054,0,0,92,ok (<0.05%)
2008,IA,state_total,1537123,1536820,-303,-1.9712150556591763e-4,99,ok (<0.05%)
2008,KS,state_total,1235872,1235872,0,0,105,ok (<0.05%)
2008,KY,state_total,1826620,1826508,-112,-6.131543506585935e-5,120,ok (<0.05%)
2008,LA,state_total,1960761,1959085,-1676,-8.547701632172406e-4,64,small (<0.5%)
2008,ME,state_total,731163,731163,0,0,16,ok (<0.05%)
2008,MD,state_total,2631596,2631596,0,0,24,ok (<0.05%)
2008,MA,state_total,3080985,3081336,351,1.1392460528045414e-4,14,ok (<0.05%)
2008,MI,state_total,5001766,5001766,0,0,83,ok (<0.05%)
2008,MN,state_total,2910369,2910369,0,0,87,ok (<0.05%)
2008,MS,state_total,1289865,1285259,-4606,-0.003570916336205727,82,small (<0.5%)
2008,MO,state_total,2925205,2925205,0,0,116,ok (<0.05%)
2008,MT,state_total,490302,496072,5770,0.01176825711500259,56,check (0.5-2%)
2008,NE,state_total,801281,801281,0,0,93,ok (<0.05%)
2008,NV,state_total,967848,967848,0,0,17,ok (<0.05%)
2008,NH,state_total,710970,710970,0,0,10,ok (<0.05%)
2008,NJ,state_total,3868237,3838498,-29739,-0.007687998434428914,21,check (0.5-2%)
2008,NM,state_total,830158,830158,0,0,33,ok (<0.05%)
2008,NY,state_total,7640931,7591233,-49698,-0.006504181231318539,62,check (0.5-2%)
2008,NC,state_total,4310789,4310789,0,0,100,ok (<0.05%)
2008,ND,state_total,316621,316621,0,0,53,ok (<0.05%)
2008,OH,state_total,5708350,5698048,-10302,-0.0018047246577382256,88,small (<0.5%)
2008,OK,state_total,1462661,1462661,0,0,77,ok (<0.05%)
2008,OR,state_total,1827864,1827864,0,0,36,ok (<0.05%)
2008,PA,state_total,6013272,5977981,-35291,-0.005868851433961411,67,check (0.5-2%)
2008,RI,state_total,471766,471766,0,0,5,ok (<0.05%)
2008,SC,state_total,1920969,1920969,0,0,46,ok (<0.05%)
2008,SD,state_total,381975,377708,-4267,-0.011170888147130048,66,check (0.5-2%)
2008,TN,state_total,2599749,2600124,375,1.442446943916509e-4,95,ok (<0.05%)
2008,TX,state_total,8077795,8077795,0,0,254,ok (<0.05%)
2008,UT,state_total,952370,952370,0,0,29,ok (<0.05%)
2008,VT,state_total,325046,325046,0,0,14,ok (<0.05%)
2008,VA,state_total,3723260,3723260,0,0,134,ok (<0.05%)
2008,WA,state_total,3036878,3036878,0,0,39,ok (<0.05%)
2008,WV,state_total,713451,713451,0,0,55,ok (<0.05%)
2008,WI,state_total,2983417,2983417,0,0,72,ok (<0.05%)
2008,WY,state_total,254658,256035,1377,0.005407252079259242,23,check (0.5-2%)
2012,AL,state_total,2074338,2070353,-3985,-0.0019210948263976267,67,small (<0.5%)
2012,AZ,state_total,2299254,2299254,0,0,15,ok (<0.05%)
2012,AR,state_total,1069468,1069468,0,0,75,ok (<0.05%)
2012,CA,state_total,13038547,13038547,0,0,58,ok (<0.05%)
2012,CO,state_total,2569522,2569217,-305,-1.1869911991413188e-4,64,ok (<0.05%)
2012,CT,state_total,1558960,1557885,-1075,-6.895622722840868e-4,8,small (<0.5%)
2012,DE,state_total,413921,413937,16,3.865471913722667e-5,3,ok (<0.05%)
2012,FL,state_total,8474179,8474179,0,0,67,ok (<0.05%)
2012,GA,state_total,3900050,3900050,0,0,159,ok (<0.05%)
2012,ID,state_total,652274,652274,0,0,44,ok (<0.05%)
2012,IL,state_total,5242014,5241891,-123,-2.346426392604064e-5,102,ok (<0.05%)
2012,IN,state_total,2624534,2624534,0,0,92,ok (<0.05%)
2012,IA,state_total,1582180,1582180,0,0,99,ok (<0.05%)
2012,KS,state_total,1159971,1156254,-3717,-0.003204390454588951,105,small (<0.5%)
2012,KY,state_total,1797212,1797212,0,0,120,ok (<0.05%)
2012,LA,state_total,1994065,1994065,0,0,64,ok (<0.05%)
2012,ME,state_total,713180,710126,-3054,-0.004282228890322219,16,small (<0.5%)
2012,MD,state_total,2707327,2707327,0,0,24,ok (<0.05%)
2012,MA,state_total,3167767,3167767,0,0,14,ok (<0.05%)
2012,MI,state_total,4730961,4730961,0,0,83,ok (<0.05%)
2012,MN,state_total,2936561,2936561,0,0,87,ok (<0.05%)
2012,MS,state_total,1285584,1285584,0,0,82,ok (<0.05%)
2012,MO,state_total,2757323,2757312,-11,-3.989376652644612e-6,116,ok (<0.05%)
2012,MT,state_total,484048,483932,-116,-2.3964565497636598e-4,56,ok (<0.05%)
2012,NE,state_total,794379,794379,0,0,93,ok (<0.05%)
2012,NV,state_total,1014918,1014918,0,0,17,ok (<0.05%)
2012,NH,state_total,710972,710931,-41,-5.766753121079311e-5,10,ok (<0.05%)
2012,NJ,state_total,3640292,3640292,0,0,21,ok (<0.05%)
2012,NM,state_total,783758,783758,0,0,33,ok (<0.05%)
2012,NY,state_total,7081159,7061925,-19234,-0.0027162220195874713,62,small (<0.5%)
2012,NC,state_total,4505372,4505372,0,0,100,ok (<0.05%)
2012,ND,state_total,322627,322932,305,9.453641511714767e-4,53,small (<0.5%)
2012,OH,state_total,5580847,5580822,-25,-4.479606769366729e-6,88,ok (<0.05%)
2012,OK,state_total,1334872,1334872,0,0,77,ok (<0.05%)
2012,OR,state_total,1789270,1789270,0,0,36,ok (<0.05%)
2012,PA,state_total,5753670,5742040,-11630,-0.0020213185671058647,67,small (<0.5%)
2012,RI,state_total,446049,445719,-330,-7.398290322363686e-4,5,small (<0.5%)
2012,SC,state_total,1964118,1964118,0,0,46,ok (<0.05%)
2012,SD,state_total,363815,363815,0,0,66,ok (<0.05%)
2012,TN,state_total,2458577,2458577,0,0,95,ok (<0.05%)
2012,TX,state_total,7993851,7993851,0,0,254,ok (<0.05%)
2012,UT,state_total,1017440,1017440,0,0,29,ok (<0.05%)
2012,VT,state_total,299290,299290,0,0,14,ok (<0.05%)
2012,VA,state_total,3854489,3854489,0,0,134,ok (<0.05%)
2012,WA,state_total,3125516,3125516,0,0,39,ok (<0.05%)
2012,WV,state_total,670438,670440,2,2.983124464902049e-6,55,ok (<0.05%)
2012,WI,state_total,3068434,3071434,3000,9.776974182921973e-4,72,small (<0.5%)
2012,WY,state_total,249061,249061,0,0,23,ok (<0.05%)
2016,AL,state_total,2123372,2123367,-5,-2.3547451883136822e-6,67,ok (<0.05%)
2016,AZ,state_total,2573165,2604277,31112,0.012090946363719388,15,check (0.5-2%)
2016,AR,state_total,1130676,1129896,-780,-6.898527960264479e-4,75,small (<0.5%)
2016,CA,state_total,14181604,14181595,-9,-6.346249690796612e-7,58,ok (<0.05%)
2016,CO,state_total,2780247,2780220,-27,-9.711367371316289e-6,64,ok (<0.05%)
2016,CT,state_total,1644920,1644920,0,0,8,ok (<0.05%)
2016,DE,state_total,443814,442997,-817,-0.001840861261699721,3,small (<0.5%)
2016,FL,state_total,9420039,9420039,0,0,67,ok (<0.05%)
2016,GA,state_total,4114732,4114711,-21,-5.10361306641599e-6,159,ok (<0.05%)
2016,ID,state_total,690255,690433,178,2.5787571259896705e-4,44,ok (<0.05%)
2016,IL,state_total,5536424,5558707,22283,0.004024800123689948,102,small (<0.5%)
2016,IN,state_total,2734958,2734958,0,0,92,ok (<0.05%)
2016,IA,state_total,1566031,1566031,0,0,99,ok (<0.05%)
2016,KS,state_total,1184402,1184403,1,8.443079292334866e-7,105,ok (<0.05%)
2016,KY,state_total,1924149,1924149,0,0,120,ok (<0.05%)
2016,LA,state_total,2029032,2029032,0,0,64,ok (<0.05%)
2016,ME,state_total,747927,743941,-3986,-0.005329397120307196,16,check (0.5-2%)
2016,MD,state_total,2781446,2781446,0,0,24,ok (<0.05%)
2016,MA,state_total,3325046,3274555,-50491,-0.015185053078964922,14,check (0.5-2%)
2016,MI,state_total,4799284,4799284,0,0,83,ok (<0.05%)
2016,MN,state_total,2944813,2944813,0,0,87,ok (<0.05%)
2016,MS,state_total,1209357,1209357,0,0,82,ok (<0.05%)
2016,MO,state_total,2808605,2807381,-1224,-4.358035394795637e-4,116,ok (<0.05%)
2016,MT,state_total,497147,497147,0,0,56,ok (<0.05%)
2016,NE,state_total,844227,844227,0,0,93,ok (<0.05%)
2016,NV,state_total,1125385,1125385,0,0,17,ok (<0.05%)
2016,NH,state_total,744296,744296,0,0,10,ok (<0.05%)
2016,NJ,state_total,3874046,3874046,0,0,21,ok (<0.05%)
2016,NM,state_total,798319,798319,0,0,33,ok (<0.05%)
2016,NY,state_total,7721442,7707363,-14079,-0.001823364081475973,62,small (<0.5%)
2016,NC,state_total,4741564,4741564,0,0,100,ok (<0.05%)
2016,ND,state_total,344360,344360,0,0,53,ok (<0.05%)
2016,OH,state_total,5496487,5496487,0,0,88,ok (<0.05%)
2016,OK,state_total,1452992,1452992,0,0,77,ok (<0.05%)
2016,OR,state_total,2001336,2001336,0,0,36,ok (<0.05%)
2016,PA,state_total,6165478,6115402,-50076,-0.008121998002425765,67,check (0.5-2%)
2016,RI,state_total,464144,463416,-728,-0.0015684787479747664,5,small (<0.5%)
2016,SC,state_total,2103027,2103027,0,0,46,ok (<0.05%)
2016,SD,state_total,370093,370093,0,0,66,ok (<0.05%)
2016,TN,state_total,2508027,2508027,0,0,95,ok (<0.05%)
2016,TX,state_total,8969226,8969226,0,0,254,ok (<0.05%)
2016,UT,state_total,1131430,1131430,0,0,29,ok (<0.05%)
2016,VT,state_total,315067,315077,10,3.173928085137447e-5,14,ok (<0.05%)
2016,VA,state_total,3984631,3984631,0,0,133,ok (<0.05%)
2016,WA,state_total,3317019,3209214,-107805,-0.03250056752765058,39,BAD (>=2%)
2016,WV,state_total,714423,713051,-1372,-0.0019204308931823303,55,small (<0.5%)
2016,WI,state_total,2976150,2975753,-397,-1.333938141558725e-4,72,ok (<0.05%)
2016,WY,state_total,255849,255849,0,0,23,ok (<0.05%)
2020,AL,state_total,2323282,2323282,0,0,67,ok (<0.05%)
2020,AZ,state_total,3387326,3385294,-2032,-5.998832117133101e-4,15,small (<0.5%)
2020,AR,state_total,1219069,1219069,0,0,75,ok (<0.05%)
2020,CA,state_total,17501380,17500881,-499,-2.851203733648432e-5,58,ok (<0.05%)
2020,CO,state_total,3256980,3256980,0,0,64,ok (<0.05%)
2020,CT,state_total,1823857,1823857,0,0,8,ok (<0.05%)
2020,DE,state_total,504346,504010,-336,-6.662093086888763e-4,3,small (<0.5%)
2020,FL,state_total,11067456,11067456,0,0,67,ok (<0.05%)
2020,GA,state_total,4999960,4998482,-1478,-2.9560236481891857e-4,159,ok (<0.05%)
2020,ID,state_total,867934,867361,-573,-6.601884475086815e-4,44,small (<0.5%)
2020,IL,state_total,6033744,6033744,0,0,102,ok (<0.05%)
2020,IN,state_total,3033210,3033121,-89,-2.9341852361030063e-5,92,ok (<0.05%)
2020,IA,state_total,1690871,1690871,0,0,99,ok (<0.05%)
2020,KS,state_total,1373986,1372303,-1683,-0.0012249033105140809,105,small (<0.5%)
2020,KY,state_total,2136768,2134996,-1772,-8.292898433522029e-4,120,small (<0.5%)
2020,LA,state_total,2148062,2148062,0,0,64,ok (<0.05%)
2020,ME,state_total,819461,822534,3073,0.003750025931679482,16,small (<0.5%)
2020,MD,state_total,3037030,3037031,1,3.292690556234216e-7,24,ok (<0.05%)
2020,MA,state_total,3631402,3658005,26603,0.00732582071607605,14,check (0.5-2%)
2020,MI,state_total,5539302,5539302,0,0,83,ok (<0.05%)
2020,MN,state_total,3277171,3277171,0,0,87,ok (<0.05%)
2020,MS,state_total,1313759,1313759,0,0,82,ok (<0.05%)
2020,MO,state_total,3025962,3025962,0,0,116,ok (<0.05%)
2020,MT,state_total,603674,603640,-34,-5.6321789575168056e-5,56,ok (<0.05%)
2020,NE,state_total,956383,951712,-4671,-0.004884026587674603,93,small (<0.5%)
2020,NV,state_total,1405376,1404911,-465,-3.3087230748212577e-4,17,ok (<0.05%)
2020,NH,state_total,806205,803833,-2372,-0.002942179718557935,10,small (<0.5%)
2020,NJ,state_total,4549457,4549353,-104,-2.2859870969216765e-5,21,ok (<0.05%)
2020,NM,state_total,923965,923965,0,0,33,ok (<0.05%)
2020,NY,state_total,8616861,8661735,44874,0.0052076968631616545,62,check (0.5-2%)
2020,NC,state_total,5524804,5524802,-2,-3.6200379235172866e-7,100,ok (<0.05%)
2020,ND,state_total,362024,361819,-205,-5.662608003889245e-4,53,small (<0.5%)
2020,OH,state_total,5922202,5922202,0,0,88,ok (<0.05%)
2020,OK,state_total,1560699,1560699,0,0,77,ok (<0.05%)
2020,OR,state_total,2374321,2374321,0,0,36,ok (<0.05%)
2020,PA,state_total,6936976,6915283,-21693,-0.003127155117734298,67,small (<0.5%)
2020,RI,state_total,517757,516383,-1374,-0.002653754560537086,5,small (<0.5%)
2020,SC,state_total,2513329,2513329,0,0,46,ok (<0.05%)
2020,SD,state_total,422609,422609,0,0,66,ok (<0.05%)
2020,TN,state_total,3053851,3053851,0,0,95,ok (<0.05%)
2020,TX,state_total,11315056,11315056,0,0,254,ok (<0.05%)
2020,UT,state_total,1488289,1495354,7065,0.004747061894564832,29,small (<0.5%)
2020,VT,state_total,367428,370826,3398,0.00924807037024941,14,check (0.5-2%)
2020,VA,state_total,4460524,4462600,2076,4.654161708355341e-4,133,ok (<0.05%)
2020,WA,state_total,4087631,4087631,0,0,39,ok (<0.05%)
2020,WV,state_total,794731,794652,-79,-9.940470423325629e-5,55,ok (<0.05%)
2020,WI,state_total,3298041,3297352,-689,-2.0891189648642935e-4,72,ok (<0.05%)
2020,WY,state_total,276765,278503,1738,0.006279695770780265,23,check (0.5-2%)
2024,AL,state_total,2265090,2264972,-118,-5.209506024043195e-5,67,ok (<0.05%)
2024,AZ,state_total,3390161,3400986,10825,0.0031930636922553237,15,small (<0.5%)
2024,AR,state_total,1182676,1182676,0,0,75,ok (<0.05%)
2024,CA,state_total,15865475,15862678,-2797,-1.762947532298907e-4,58,ok (<0.05%)
2024,CO,state_total,3192745,3190873,-1872,-5.863293185017908e-4,64,small (<0.5%)
2024,CT,state_total,1759010,1759010,0,0,8,ok (<0.05%)
2024,DE,state_total,512912,511697,-1215,-0.0023688274011916272,3,small (<0.5%)
2024,FL,state_total,10893752,10893752,0,0,67,ok (<0.05%)
2024,GA,state_total,5250905,5250047,-858,-1.6340040431125682e-4,159,ok (<0.05%)
2024,ID,state_total,905057,905057,0,0,44,ok (<0.05%)
2024,IL,state_total,5633310,5633310,0,0,102,ok (<0.05%)
2024,IN,state_total,2936677,2936677,0,0,92,ok (<0.05%)
2024,IA,state_total,1663506,1663506,0,0,99,ok (<0.05%)
2024,KS,state_total,1327591,1327591,0,0,105,ok (<0.05%)
2024,KY,state_total,2074530,2074530,0,0,120,ok (<0.05%)
2024,LA,state_total,2006975,2006975,0,0,64,ok (<0.05%)
2024,ME,state_total,831375,824806,-6569,-0.00790136821530597,16,check (0.5-2%)
2024,MD,state_total,3038334,3038334,0,0,24,ok (<0.05%)
2024,MA,state_total,3473668,3473668,0,0,14,ok (<0.05%)
2024,MI,state_total,5664186,5664186,0,0,83,ok (<0.05%)
2024,MN,state_total,3253920,3253920,0,0,87,ok (<0.05%)
2024,MS,state_total,1228008,1228008,0,0,82,ok (<0.05%)
2024,MO,state_total,2995327,2995327,0,0,116,ok (<0.05%)
2024,MT,state_total,602990,602963,-27,-4.477686197117697e-5,56,ok (<0.05%)
2024,NE,state_total,952182,947159,-5023,-0.0052752520001428296,93,check (0.5-2%)
2024,NV,state_total,1484840,1484840,0,0,17,ok (<0.05%)
2024,NH,state_total,826189,826189,0,0,10,ok (<0.05%)
2024,NJ,state_total,4272725,4272725,0,0,21,ok (<0.05%)
2024,NM,state_total,923403,923362,-41,-4.4400982019768185e-5,33,ok (<0.05%)
2024,NY,state_total,8262495,8262495,0,0,62,ok (<0.05%)
2024,NC,state_total,5699141,5699141,0,0,100,ok (<0.05%)
2024,ND,state_total,368155,368155,0,0,53,ok (<0.05%)
2024,OH,state_total,5767788,5767788,0,0,88,ok (<0.05%)
2024,OK,state_total,1566173,1566173,0,0,77,ok (<0.05%)
2024,OR,state_total,2244493,2244493,0,0,36,ok (<0.05%)
2024,PA,state_total,7058732,7034206,-24526,-0.0034745617201503045,67,small (<0.5%)
2024,RI,state_total,513386,511816,-1570,-0.003058127802472214,5,small (<0.5%)
2024,SC,state_total,2548140,2548140,0,0,46,ok (<0.05%)
2024,SD,state_total,428922,428922,0,0,66,ok (<0.05%)
2024,TN,state_total,3063942,3063942,0,0,95,ok (<0.05%)
2024,TX,state_total,11388674,11388674,0,0,254,ok (<0.05%)
2024,UT,state_total,1488494,1488494,0,0,29,ok (<0.05%)
2024,VT,state_total,369422,369422,0,0,14,ok (<0.05%)
2024,VA,state_total,4505941,4482576,-23365,-0.005185376373103864,133,check (0.5-2%)
2024,WA,state_total,3924243,3924243,0,0,39,ok (<0.05%)
2024,WV,state_total,762582,762390,-192,-2.5177620242806676e-4,55,ok (<0.05%)
2024,WI,state_total,3422918,3422918,0,0,72,ok (<0.05%)
2024,WY,state_total,269048,269048,0,0,23,ok (<0.05%)
2000,AL,cand:Bush,941173,944409,3236,0.003438262678593627,NA,small (<0.5%)
2000,AL,cand:Gore,692611,695602,2991,0.004318441376183745,NA,small (<0.5%)
2000,AR,cand:Bush,472940,472940,0,0,NA,ok (<0.05%)
2000,AR,cand:Gore,422768,422768,0,0,NA,ok (<0.05%)
2000,AZ,cand:Bush,781652,781652,0,0,NA,ok (<0.05%)
2000,AZ,cand:Gore,685341,685341,0,0,NA,ok (<0.05%)
2000,CA,cand:Bush,4567429,4567429,0,0,NA,ok (<0.05%)
2000,CA,cand:Gore,5861203,5861203,0,0,NA,ok (<0.05%)
2000,CO,cand:Bush,883748,883745,-3,-3.394632859140841e-6,NA,ok (<0.05%)
2000,CO,cand:Gore,738227,738227,0,0,NA,ok (<0.05%)
2000,CT,cand:Bush,561094,561094,0,0,NA,ok (<0.05%)
2000,CT,cand:Gore,816015,816015,0,0,NA,ok (<0.05%)
2000,DE,cand:Bush,137288,137288,0,0,NA,ok (<0.05%)
2000,DE,cand:Gore,180068,180068,0,0,NA,ok (<0.05%)
2000,FL,cand:Bush,2912790,2911215,-1575,-5.407186923877108e-4,NA,small (<0.5%)
2000,FL,cand:Gore,2912253,2911417,-836,-2.8706297152067487e-4,NA,ok (<0.05%)
2000,GA,cand:Bush,1419720,1419720,0,0,NA,ok (<0.05%)
2000,GA,cand:Gore,1116230,1116230,0,0,NA,ok (<0.05%)
2000,IA,cand:Bush,634373,634373,0,0,NA,ok (<0.05%)
2000,IA,cand:Gore,638517,638517,0,0,NA,ok (<0.05%)
2000,ID,cand:Bush,336937,336937,0,0,NA,ok (<0.05%)
2000,ID,cand:Gore,138637,138637,0,0,NA,ok (<0.05%)
2000,IL,cand:Bush,2019421,2019421,0,0,NA,ok (<0.05%)
2000,IL,cand:Gore,2589026,2589026,0,0,NA,ok (<0.05%)
2000,IN,cand:Bush,1245836,1245836,0,0,NA,ok (<0.05%)
2000,IN,cand:Gore,901980,901980,0,0,NA,ok (<0.05%)
2000,KS,cand:Bush,622332,622332,0,0,NA,ok (<0.05%)
2000,KS,cand:Gore,399276,399276,0,0,NA,ok (<0.05%)
2000,KY,cand:Bush,872492,872492,0,0,NA,ok (<0.05%)
2000,KY,cand:Gore,638898,638898,0,0,NA,ok (<0.05%)
2000,LA,cand:Bush,927871,927871,0,0,NA,ok (<0.05%)
2000,LA,cand:Gore,792344,792344,0,0,NA,ok (<0.05%)
2000,MA,cand:Bush,878502,878502,0,0,NA,ok (<0.05%)
2000,MA,cand:Gore,1616487,1616487,0,0,NA,ok (<0.05%)
2000,MD,cand:Bush,813797,813797,0,0,NA,ok (<0.05%)
2000,MD,cand:Gore,1140782,1145782,5000,0.004382958356636062,NA,small (<0.5%)
2000,ME,cand:Bush,286616,286616,0,0,NA,ok (<0.05%)
2000,ME,cand:Gore,319951,319951,0,0,NA,ok (<0.05%)
2000,MI,cand:Bush,1953139,1953139,0,0,NA,ok (<0.05%)
2000,MI,cand:Gore,2170418,2170418,0,0,NA,ok (<0.05%)
2000,MN,cand:Bush,1109659,1109659,0,0,NA,ok (<0.05%)
2000,MN,cand:Gore,1168266,1168266,0,0,NA,ok (<0.05%)
2000,MO,cand:Bush,1189924,1189924,0,0,NA,ok (<0.05%)
2000,MO,cand:Gore,1111138,1111138,0,0,NA,ok (<0.05%)
2000,MS,cand:Bush,572844,573230,386,6.738309208091557e-4,NA,small (<0.5%)
2000,MS,cand:Gore,404614,404964,350,8.650219715580776e-4,NA,small (<0.5%)
2000,MT,cand:Bush,240178,240178,0,0,NA,ok (<0.05%)
2000,MT,cand:Gore,137126,137126,0,0,NA,ok (<0.05%)
2000,NC,cand:Bush,1631163,1631163,0,0,NA,ok (<0.05%)
2000,NC,cand:Gore,1257692,1257692,0,0,NA,ok (<0.05%)
2000,ND,cand:Bush,174852,174852,0,0,NA,ok (<0.05%)
2000,ND,cand:Gore,95284,95284,0,0,NA,ok (<0.05%)
2000,NE,cand:Bush,433862,433862,0,0,NA,ok (<0.05%)
2000,NE,cand:Gore,231780,231780,0,0,NA,ok (<0.05%)
2000,NH,cand:Bush,273559,273559,0,0,NA,ok (<0.05%)
2000,NH,cand:Gore,266348,266348,0,0,NA,ok (<0.05%)
2000,NJ,cand:Bush,1284173,1284173,0,0,NA,ok (<0.05%)
2000,NJ,cand:Gore,1788850,1788850,0,0,NA,ok (<0.05%)
2000,NM,cand:Bush,286417,286417,0,0,NA,ok (<0.05%)
2000,NM,cand:Gore,286783,286783,0,0,NA,ok (<0.05%)
2000,NV,cand:Bush,301575,301575,0,0,NA,ok (<0.05%)
2000,NV,cand:Gore,279978,279978,0,0,NA,ok (<0.05%)
2000,NY,cand:Bush,2403374,2403374,0,0,NA,ok (<0.05%)
2000,NY,cand:Gore,4107697,4107697,0,0,NA,ok (<0.05%)
2000,OH,cand:Bush,2350363,2351209,846,3.599444000777752e-4,NA,ok (<0.05%)
2000,OH,cand:Gore,2183628,2186190,2562,0.0011732767669218383,NA,small (<0.5%)
2000,OK,cand:Bush,744337,744337,0,0,NA,ok (<0.05%)
2000,OK,cand:Gore,474276,474276,0,0,NA,ok (<0.05%)
2000,OR,cand:Bush,713577,713577,0,0,NA,ok (<0.05%)
2000,OR,cand:Gore,720342,720342,0,0,NA,ok (<0.05%)
2000,PA,cand:Bush,2281127,2281127,0,0,NA,ok (<0.05%)
2000,PA,cand:Gore,2485967,2485967,0,0,NA,ok (<0.05%)
2000,RI,cand:Bush,130555,130555,0,0,NA,ok (<0.05%)
2000,RI,cand:Gore,249508,249508,0,0,NA,ok (<0.05%)
2000,SC,cand:Bush,785937,786426,489,6.221872745525405e-4,NA,small (<0.5%)
2000,SC,cand:Gore,565561,566039,478,8.451785041755001e-4,NA,small (<0.5%)
2000,SD,cand:Bush,190700,190700,0,0,NA,ok (<0.05%)
2000,SD,cand:Gore,118804,118804,0,0,NA,ok (<0.05%)
2000,TN,cand:Bush,1061949,1061949,0,0,NA,ok (<0.05%)
2000,TN,cand:Gore,981720,981720,0,0,NA,ok (<0.05%)
2000,TX,cand:Bush,3799639,3799639,0,0,NA,ok (<0.05%)
2000,TX,cand:Gore,2433746,2433746,0,0,NA,ok (<0.05%)
2000,UT,cand:Bush,515096,515096,0,0,NA,ok (<0.05%)
2000,UT,cand:Gore,203053,203053,0,0,NA,ok (<0.05%)
2000,VA,cand:Bush,1437490,1436877,-613,-4.2643774913216786e-4,NA,ok (<0.05%)
2000,VA,cand:Gore,1217290,1216422,-868,-7.130593367233773e-4,NA,small (<0.5%)
2000,VT,cand:Bush,119775,119775,0,0,NA,ok (<0.05%)
2000,VT,cand:Gore,149022,149022,0,0,NA,ok (<0.05%)
2000,WA,cand:Bush,1108864,1108864,0,0,NA,ok (<0.05%)
2000,WA,cand:Gore,1247652,1247652,0,0,NA,ok (<0.05%)
2000,WI,cand:Bush,1237279,1237279,0,0,NA,ok (<0.05%)
2000,WI,cand:Gore,1242987,1242987,0,0,NA,ok (<0.05%)
2000,WV,cand:Bush,336475,336475,0,0,NA,ok (<0.05%)
2000,WV,cand:Gore,295497,295497,0,0,NA,ok (<0.05%)
2000,WY,cand:Bush,147947,147947,0,0,NA,ok (<0.05%)
2000,WY,cand:Gore,60481,60481,0,0,NA,ok (<0.05%)
2004,AL,cand:Bush,1176394,1176394,0,0,NA,ok (<0.05%)
2004,AL,cand:Kerry,693933,693933,0,0,NA,ok (<0.05%)
2004,AR,cand:Bush,572898,572770,-128,-2.2342546142594319e-4,NA,ok (<0.05%)
2004,AR,cand:Kerry,469953,468631,-1322,-0.002813047262173026,NA,small (<0.5%)
2004,AZ,cand:Bush,1104294,1104294,0,0,NA,ok (<0.05%)
2004,AZ,cand:Kerry,893524,893524,0,0,NA,ok (<0.05%)
2004,CA,cand:Bush,5509826,5501496,-8330,-0.0015118444756694676,NA,small (<0.5%)
2004,CA,cand:Kerry,6745485,6737355,-8130,-0.0012052506231946258,NA,small (<0.5%)
2004,CO,cand:Bush,1101255,1101255,0,0,NA,ok (<0.05%)
2004,CO,cand:Kerry,1001732,1001732,0,0,NA,ok (<0.05%)
2004,CT,cand:Bush,693826,693826,0,0,NA,ok (<0.05%)
2004,CT,cand:Kerry,857488,857488,0,0,NA,ok (<0.05%)
2004,DE,cand:Bush,171660,171651,-9,-5.2429220552254454e-5,NA,ok (<0.05%)
2004,DE,cand:Kerry,200152,200141,-11,-5.495823174387466e-5,NA,ok (<0.05%)
2004,FL,cand:Bush,3964522,3964522,0,0,NA,ok (<0.05%)
2004,FL,cand:Kerry,3583544,3583544,0,0,NA,ok (<0.05%)
2004,GA,cand:Bush,1914254,1914254,0,0,NA,ok (<0.05%)
2004,GA,cand:Kerry,1366149,1366149,0,0,NA,ok (<0.05%)
2004,IA,cand:Bush,751957,751957,0,0,NA,ok (<0.05%)
2004,IA,cand:Kerry,741898,741898,0,0,NA,ok (<0.05%)
2004,ID,cand:Bush,409235,409235,0,0,NA,ok (<0.05%)
2004,ID,cand:Kerry,181098,181098,0,0,NA,ok (<0.05%)
2004,IL,cand:Bush,2345946,2346608,662,2.8218893359011673e-4,NA,ok (<0.05%)
2004,IL,cand:Kerry,2891550,2891989,439,1.5182168733032455e-4,NA,ok (<0.05%)
2004,IN,cand:Bush,1479438,1479438,0,0,NA,ok (<0.05%)
2004,IN,cand:Kerry,969011,969011,0,0,NA,ok (<0.05%)
2004,KS,cand:Bush,736456,736456,0,0,NA,ok (<0.05%)
2004,KS,cand:Kerry,434993,434993,0,0,NA,ok (<0.05%)
2004,KY,cand:Bush,1069439,1069439,0,0,NA,ok (<0.05%)
2004,KY,cand:Kerry,712733,712733,0,0,NA,ok (<0.05%)
2004,LA,cand:Bush,1102169,1102169,0,0,NA,ok (<0.05%)
2004,LA,cand:Kerry,820299,820299,0,0,NA,ok (<0.05%)
2004,MA,cand:Bush,1071109,1071109,0,0,NA,ok (<0.05%)
2004,MA,cand:Kerry,1803800,1803800,0,0,NA,ok (<0.05%)
2004,MD,cand:Bush,1024703,1024703,0,0,NA,ok (<0.05%)
2004,MD,cand:Kerry,1334493,1334493,0,0,NA,ok (<0.05%)
2004,ME,cand:Bush,330201,330201,0,0,NA,ok (<0.05%)
2004,ME,cand:Kerry,396842,396842,0,0,NA,ok (<0.05%)
2004,MI,cand:Bush,2313746,2313746,0,0,NA,ok (<0.05%)
2004,MI,cand:Kerry,2479183,2479183,0,0,NA,ok (<0.05%)
2004,MN,cand:Bush,1346695,1346451,-244,-1.81184306765823e-4,NA,ok (<0.05%)
2004,MO,cand:Bush,1455713,1455713,0,0,NA,ok (<0.05%)
2004,MO,cand:Kerry,1259171,1259171,0,0,NA,ok (<0.05%)
2004,MS,cand:Bush,684981,684981,0,0,NA,ok (<0.05%)
2004,MS,cand:Kerry,458094,458094,0,0,NA,ok (<0.05%)
2004,MT,cand:Bush,266063,266063,0,0,NA,ok (<0.05%)
2004,MT,cand:Kerry,173710,173710,0,0,NA,ok (<0.05%)
2004,NC,cand:Bush,1961166,1961166,0,0,NA,ok (<0.05%)
2004,NC,cand:Kerry,1525849,1525849,0,0,NA,ok (<0.05%)
2004,ND,cand:Bush,196651,196651,0,0,NA,ok (<0.05%)
2004,NE,cand:Bush,512814,512814,0,0,NA,ok (<0.05%)
2004,NE,cand:Kerry,254328,254328,0,0,NA,ok (<0.05%)
2004,NH,cand:Bush,331237,331237,0,0,NA,ok (<0.05%)
2004,NH,cand:Kerry,340511,340511,0,0,NA,ok (<0.05%)
2004,NJ,cand:Bush,1670003,1668003,-2000,-0.0011976026390371755,NA,small (<0.5%)
2004,NJ,cand:Kerry,1911430,1911430,0,0,NA,ok (<0.05%)
2004,NM,cand:Bush,376930,376930,0,0,NA,ok (<0.05%)
2004,NM,cand:Kerry,370942,370942,0,0,NA,ok (<0.05%)
2004,NV,cand:Bush,418690,418690,0,0,NA,ok (<0.05%)
2004,NV,cand:Kerry,397190,397190,0,0,NA,ok (<0.05%)
2004,OH,cand:Bush,2859768,2858727,-1041,-3.6401554251953307e-4,NA,ok (<0.05%)
2004,OH,cand:Kerry,2741167,2739952,-1215,-4.432418747197818e-4,NA,ok (<0.05%)
2004,OK,cand:Bush,959792,959792,0,0,NA,ok (<0.05%)
2004,OK,cand:Kerry,503966,503966,0,0,NA,ok (<0.05%)
2004,OR,cand:Bush,866831,866831,0,0,NA,ok (<0.05%)
2004,OR,cand:Kerry,943163,943163,0,0,NA,ok (<0.05%)
2004,PA,cand:Bush,2793847,2793847,0,0,NA,ok (<0.05%)
2004,PA,cand:Kerry,2938095,2938095,0,0,NA,ok (<0.05%)
2004,RI,cand:Bush,169055,169046,-9,-5.3237112182425837e-5,NA,ok (<0.05%)
2004,RI,cand:Kerry,259765,259760,-5,-1.9248166612130196e-5,NA,ok (<0.05%)
2004,SC,cand:Bush,937974,937974,0,0,NA,ok (<0.05%)
2004,SC,cand:Kerry,661699,661699,0,0,NA,ok (<0.05%)
2004,SD,cand:Bush,232584,232584,0,0,NA,ok (<0.05%)
2004,SD,cand:Kerry,149244,149244,0,0,NA,ok (<0.05%)
2004,TN,cand:Bush,1384375,1381225,-3150,-0.0022753950338600453,NA,small (<0.5%)
2004,TN,cand:Kerry,1036477,1032910,-3567,-0.00344146565722153,NA,small (<0.5%)
2004,TX,cand:Bush,4526917,4526917,0,0,NA,ok (<0.05%)
2004,TX,cand:Kerry,2832704,2832704,0,0,NA,ok (<0.05%)
2004,UT,cand:Bush,663742,663742,0,0,NA,ok (<0.05%)
2004,UT,cand:Kerry,241199,241199,0,0,NA,ok (<0.05%)
2004,VA,cand:Bush,1716959,1716959,0,0,NA,ok (<0.05%)
2004,VA,cand:Kerry,1454742,1454742,0,0,NA,ok (<0.05%)
2004,VT,cand:Bush,121180,121180,0,0,NA,ok (<0.05%)
2004,VT,cand:Kerry,184067,184067,0,0,NA,ok (<0.05%)
2004,WA,cand:Bush,1304894,1304894,0,0,NA,ok (<0.05%)
2004,WA,cand:Kerry,1510201,1510201,0,0,NA,ok (<0.05%)
2004,WI,cand:Bush,1478120,1478120,0,0,NA,ok (<0.05%)
2004,WI,cand:Kerry,1489504,1489504,0,0,NA,ok (<0.05%)
2004,WV,cand:Bush,423778,423550,-228,-5.380175469231532e-4,NA,small (<0.5%)
2004,WV,cand:Kerry,326541,326541,0,0,NA,ok (<0.05%)
2004,WY,cand:Bush,167629,167629,0,0,NA,ok (<0.05%)
2004,WY,cand:Kerry,70776,70776,0,0,NA,ok (<0.05%)
2008,AL,cand:McCain,1266546,1266546,0,0,NA,ok (<0.05%)
2008,AL,cand:Obama,813479,813479,0,0,NA,ok (<0.05%)
2008,AR,cand:McCain,638017,638017,0,0,NA,ok (<0.05%)
2008,AR,cand:Obama,422310,422310,0,0,NA,ok (<0.05%)
2008,AZ,cand:McCain,1230111,1230111,0,0,NA,ok (<0.05%)
2008,AZ,cand:Obama,1034707,1034707,0,0,NA,ok (<0.05%)
2008,CA,cand:McCain,5011781,5011781,0,0,NA,ok (<0.05%)
2008,CA,cand:Obama,8274473,8274473,0,0,NA,ok (<0.05%)
2008,CO,cand:McCain,1073629,1073589,-40,-3.7256817764795845e-5,NA,ok (<0.05%)
2008,CO,cand:Obama,1288633,1288576,-57,-4.4232919690866215e-5,NA,ok (<0.05%)
2008,CT,cand:McCain,629428,628041,-1387,-0.002203588019598747,NA,small (<0.5%)
2008,CT,cand:Obama,997772,1000291,2519,0.002524624864197432,NA,small (<0.5%)
2008,DE,cand:McCain,152374,152374,0,0,NA,ok (<0.05%)
2008,DE,cand:Obama,255459,255459,0,0,NA,ok (<0.05%)
2008,FL,cand:McCain,4045624,4046212,588,1.4534222656381314e-4,NA,ok (<0.05%)
2008,FL,cand:Obama,4282074,4282366,292,6.819125498531787e-5,NA,ok (<0.05%)
2008,GA,cand:McCain,2048759,2048744,-15,-7.321505360074074e-6,NA,ok (<0.05%)
2008,GA,cand:Obama,1844123,1844137,14,7.591684502606388e-6,NA,ok (<0.05%)
2008,IA,cand:McCain,682379,682379,0,0,NA,ok (<0.05%)
2008,IA,cand:Obama,828940,828940,0,0,NA,ok (<0.05%)
2008,ID,cand:McCain,403012,403012,0,0,NA,ok (<0.05%)
2008,ID,cand:Obama,236440,236440,0,0,NA,ok (<0.05%)
2008,IL,cand:McCain,2031179,2031527,348,1.7132906553287525e-4,NA,ok (<0.05%)
2008,IL,cand:Obama,3419348,3419673,325,9.504735990604057e-5,NA,ok (<0.05%)
2008,IN,cand:McCain,1345648,1345648,0,0,NA,ok (<0.05%)
2008,IN,cand:Obama,1374039,1374039,0,0,NA,ok (<0.05%)
2008,KS,cand:McCain,699655,699655,0,0,NA,ok (<0.05%)
2008,KS,cand:Obama,514765,514765,0,0,NA,ok (<0.05%)
2008,KY,cand:McCain,1048462,1048462,0,0,NA,ok (<0.05%)
2008,KY,cand:Obama,751985,751985,0,0,NA,ok (<0.05%)
2008,LA,cand:McCain,1148275,1148015,-260,-2.2642659641636367e-4,NA,ok (<0.05%)
2008,LA,cand:Obama,782989,781574,-1415,-0.0018071773677535699,NA,small (<0.5%)
2008,MA,cand:McCain,1108854,1108885,31,2.7956791426102985e-5,NA,ok (<0.05%)
2008,MA,cand:Obama,1904097,1904103,6,3.1510999702221055e-6,NA,ok (<0.05%)
2008,MD,cand:McCain,959862,959862,0,0,NA,ok (<0.05%)
2008,MD,cand:Obama,1629467,1629467,0,0,NA,ok (<0.05%)
2008,ME,cand:McCain,295273,295273,0,0,NA,ok (<0.05%)
2008,ME,cand:Obama,421923,421923,0,0,NA,ok (<0.05%)
2008,MI,cand:McCain,2048639,2048639,0,0,NA,ok (<0.05%)
2008,MI,cand:Obama,2872579,2872579,0,0,NA,ok (<0.05%)
2008,MN,cand:McCain,1275409,1275409,0,0,NA,ok (<0.05%)
2008,MO,cand:McCain,1445814,1445814,0,0,NA,ok (<0.05%)
2008,MO,cand:Obama,1441911,1441911,0,0,NA,ok (<0.05%)
2008,MS,cand:McCain,724597,724497,-100,-1.3800774775495897e-4,NA,ok (<0.05%)
2008,MS,cand:Obama,554662,554662,0,0,NA,ok (<0.05%)
2008,MT,cand:McCain,242763,243860,1097,0.004518810527139638,NA,small (<0.5%)
2008,MT,cand:Obama,231667,232156,489,0.0021107883298009645,NA,small (<0.5%)
2008,NC,cand:McCain,2128474,2128474,0,0,NA,ok (<0.05%)
2008,NC,cand:Obama,2142651,2142651,0,0,NA,ok (<0.05%)
2008,ND,cand:McCain,168601,168601,0,0,NA,ok (<0.05%)
2008,NE,cand:McCain,452979,452979,0,0,NA,ok (<0.05%)
2008,NE,cand:Obama,333319,333319,0,0,NA,ok (<0.05%)
2008,NH,cand:McCain,316534,316534,0,0,NA,ok (<0.05%)
2008,NH,cand:Obama,384826,384826,0,0,NA,ok (<0.05%)
2008,NJ,cand:McCain,1613207,1613207,0,0,NA,ok (<0.05%)
2008,NJ,cand:Obama,2215422,2215422,0,0,NA,ok (<0.05%)
2008,NM,cand:McCain,346832,346832,0,0,NA,ok (<0.05%)
2008,NM,cand:Obama,472422,472422,0,0,NA,ok (<0.05%)
2008,NV,cand:McCain,412827,412827,0,0,NA,ok (<0.05%)
2008,NV,cand:Obama,533736,533736,0,0,NA,ok (<0.05%)
2008,NY,cand:McCain,2752771,2742298,-10473,-0.0038045300535351468,NA,small (<0.5%)
2008,NY,cand:Obama,4804945,4769700,-35245,-0.007335151599029749,NA,check (0.5-2%)
2008,OH,cand:McCain,2677820,2674491,-3329,-0.0012431754188108237,NA,small (<0.5%)
2008,OH,cand:Obama,2940044,2933388,-6656,-0.0022639116965596433,NA,small (<0.5%)
2008,OK,cand:McCain,960165,960165,0,0,NA,ok (<0.05%)
2008,OK,cand:Obama,502496,502496,0,0,NA,ok (<0.05%)
2008,OR,cand:McCain,738475,738475,0,0,NA,ok (<0.05%)
2008,OR,cand:Obama,1037291,1037291,0,0,NA,ok (<0.05%)
2008,PA,cand:McCain,2655885,2649934,-5951,-0.002240684366981251,NA,small (<0.5%)
2008,PA,cand:Obama,3276363,3266523,-9840,-0.0030033302170730165,NA,small (<0.5%)
2008,RI,cand:McCain,165391,165391,0,0,NA,ok (<0.05%)
2008,RI,cand:Obama,296571,296571,0,0,NA,ok (<0.05%)
2008,SC,cand:McCain,1034896,1034896,0,0,NA,ok (<0.05%)
2008,SC,cand:Obama,862449,862449,0,0,NA,ok (<0.05%)
2008,SD,cand:McCain,203054,203054,0,0,NA,ok (<0.05%)
2008,SD,cand:Obama,170924,170924,0,0,NA,ok (<0.05%)
2008,TN,cand:McCain,1479178,1479178,0,0,NA,ok (<0.05%)
2008,TN,cand:Obama,1087437,1087437,0,0,NA,ok (<0.05%)
2008,TX,cand:McCain,4479328,4479328,0,0,NA,ok (<0.05%)
2008,TX,cand:Obama,3528633,3528633,0,0,NA,ok (<0.05%)
2008,UT,cand:McCain,596030,596030,0,0,NA,ok (<0.05%)
2008,UT,cand:Obama,327670,327670,0,0,NA,ok (<0.05%)
2008,VA,cand:McCain,1725005,1725005,0,0,NA,ok (<0.05%)
2008,VA,cand:Obama,1959532,1959532,0,0,NA,ok (<0.05%)
2008,VT,cand:McCain,98974,98974,0,0,NA,ok (<0.05%)
2008,VT,cand:Obama,219262,219262,0,0,NA,ok (<0.05%)
2008,WA,cand:McCain,1229216,1229216,0,0,NA,ok (<0.05%)
2008,WA,cand:Obama,1750848,1750848,0,0,NA,ok (<0.05%)
2008,WI,cand:McCain,1262393,1262393,0,0,NA,ok (<0.05%)
2008,WI,cand:Obama,1677211,1677211,0,0,NA,ok (<0.05%)
2008,WV,cand:McCain,397466,397466,0,0,NA,ok (<0.05%)
2008,WV,cand:Obama,303857,303857,0,0,NA,ok (<0.05%)
2008,WY,cand:McCain,164958,164958,0,0,NA,ok (<0.05%)
2008,WY,cand:Obama,82868,82868,0,0,NA,ok (<0.05%)
2012,AL,cand:Obama,795696,795696,0,0,NA,ok (<0.05%)
2012,AL,cand:Romney,1255925,1255925,0,0,NA,ok (<0.05%)
2012,AR,cand:Obama,394409,394409,0,0,NA,ok (<0.05%)
2012,AR,cand:Romney,647744,647744,0,0,NA,ok (<0.05%)
2012,AZ,cand:Obama,1025232,1025232,0,0,NA,ok (<0.05%)
2012,AZ,cand:Romney,1233654,1233654,0,0,NA,ok (<0.05%)
2012,CA,cand:Obama,7854285,7854285,0,0,NA,ok (<0.05%)
2012,CA,cand:Romney,4839958,4839958,0,0,NA,ok (<0.05%)
2012,CO,cand:Obama,1323102,1322998,-104,-7.860316135868587e-5,NA,ok (<0.05%)
2012,CO,cand:Romney,1185243,1185050,-193,-1.6283580666580607e-4,NA,ok (<0.05%)
2012,CT,cand:Obama,905083,905083,0,0,NA,ok (<0.05%)
2012,CT,cand:Romney,634892,634892,0,0,NA,ok (<0.05%)
2012,DE,cand:Obama,242584,242584,0,0,NA,ok (<0.05%)
2012,DE,cand:Romney,165484,165484,0,0,NA,ok (<0.05%)
2012,FL,cand:Obama,4237756,4237756,0,0,NA,ok (<0.05%)
2012,FL,cand:Romney,4163447,4163447,0,0,NA,ok (<0.05%)
2012,GA,cand:Obama,1773827,1773827,0,0,NA,ok (<0.05%)
2012,GA,cand:Romney,2078688,2078688,0,0,NA,ok (<0.05%)
2012,IA,cand:Obama,822544,822544,0,0,NA,ok (<0.05%)
2012,IA,cand:Romney,730617,730617,0,0,NA,ok (<0.05%)
2012,ID,cand:Obama,212787,212787,0,0,NA,ok (<0.05%)
2012,ID,cand:Romney,420911,420911,0,0,NA,ok (<0.05%)
2012,IL,cand:Obama,3019512,3019512,0,0,NA,ok (<0.05%)
2012,IL,cand:Romney,2135216,2135102,-114,-5.339038298701396e-5,NA,ok (<0.05%)
2012,IN,cand:Obama,1152887,1152887,0,0,NA,ok (<0.05%)
2012,IN,cand:Romney,1420543,1420543,0,0,NA,ok (<0.05%)
2012,KS,cand:Obama,440726,439908,-818,-0.0018560284621283972,NA,small (<0.5%)
2012,KS,cand:Romney,692634,689809,-2825,-0.004078633159792906,NA,small (<0.5%)
2012,KY,cand:Obama,679370,679370,0,0,NA,ok (<0.05%)
2012,KY,cand:Romney,1087190,1087190,0,0,NA,ok (<0.05%)
2012,LA,cand:Obama,809141,809141,0,0,NA,ok (<0.05%)
2012,LA,cand:Romney,1152262,1152262,0,0,NA,ok (<0.05%)
2012,MA,cand:Obama,1921290,1921290,0,0,NA,ok (<0.05%)
2012,MA,cand:Romney,1188314,1188314,0,0,NA,ok (<0.05%)
2012,MD,cand:Obama,1677844,1677844,0,0,NA,ok (<0.05%)
2012,MD,cand:Romney,971869,971869,0,0,NA,ok (<0.05%)
2012,ME,cand:Obama,401306,399235,-2071,-0.005160650476195222,NA,check (0.5-2%)
2012,ME,cand:Romney,292276,291418,-858,-0.002935581436724192,NA,small (<0.5%)
2012,MI,cand:Obama,2564569,2564569,0,0,NA,ok (<0.05%)
2012,MI,cand:Romney,2115256,2115256,0,0,NA,ok (<0.05%)
2012,MN,cand:Romney,1320225,1320225,0,0,NA,ok (<0.05%)
2012,MO,cand:Obama,1223796,1223796,0,0,NA,ok (<0.05%)
2012,MO,cand:Romney,1482440,1482440,0,0,NA,ok (<0.05%)
2012,MS,cand:Obama,562949,562949,0,0,NA,ok (<0.05%)
2012,MS,cand:Romney,710746,710746,0,0,NA,ok (<0.05%)
2012,MT,cand:Obama,201839,201839,0,0,NA,ok (<0.05%)
2012,MT,cand:Romney,267928,267928,0,0,NA,ok (<0.05%)
2012,NC,cand:Obama,2178391,2178391,0,0,NA,ok (<0.05%)
2012,NC,cand:Romney,2270395,2270395,0,0,NA,ok (<0.05%)
2012,ND,cand:Romney,188163,188320,157,8.343829552037329e-4,NA,small (<0.5%)
2012,NE,cand:Obama,302081,302081,0,0,NA,ok (<0.05%)
2012,NE,cand:Romney,475064,475064,0,0,NA,ok (<0.05%)
2012,NH,cand:Obama,369561,369561,0,0,NA,ok (<0.05%)
2012,NH,cand:Romney,329918,329918,0,0,NA,ok (<0.05%)
2012,NJ,cand:Obama,2125101,2125101,0,0,NA,ok (<0.05%)
2012,NJ,cand:Romney,1477568,1477568,0,0,NA,ok (<0.05%)
2012,NM,cand:Obama,415335,415335,0,0,NA,ok (<0.05%)
2012,NM,cand:Romney,335788,335788,0,0,NA,ok (<0.05%)
2012,NV,cand:Obama,531373,531373,0,0,NA,ok (<0.05%)
2012,NV,cand:Romney,463567,463567,0,0,NA,ok (<0.05%)
2012,OH,cand:Obama,2827709,2827621,-88,-3.1120599750540105e-5,NA,ok (<0.05%)
2012,OH,cand:Romney,2661437,2661407,-30,-1.1272106008896697e-5,NA,ok (<0.05%)
2012,OK,cand:Obama,443547,443547,0,0,NA,ok (<0.05%)
2012,OK,cand:Romney,891325,891325,0,0,NA,ok (<0.05%)
2012,OR,cand:Obama,970488,970488,0,0,NA,ok (<0.05%)
2012,OR,cand:Romney,754175,754175,0,0,NA,ok (<0.05%)
2012,PA,cand:Obama,2990274,2990274,0,0,NA,ok (<0.05%)
2012,PA,cand:Romney,2680434,2680434,0,0,NA,ok (<0.05%)
2012,RI,cand:Obama,279677,279409,-268,-9.582482649627964e-4,NA,small (<0.5%)
2012,RI,cand:Romney,157204,157151,-53,-3.371415485611053e-4,NA,ok (<0.05%)
2012,SC,cand:Obama,865941,865941,0,0,NA,ok (<0.05%)
2012,SC,cand:Romney,1071645,1071645,0,0,NA,ok (<0.05%)
2012,SD,cand:Obama,145039,145039,0,0,NA,ok (<0.05%)
2012,SD,cand:Romney,210610,210610,0,0,NA,ok (<0.05%)
2012,TN,cand:Obama,960709,960709,0,0,NA,ok (<0.05%)
2012,TN,cand:Romney,1462330,1462330,0,0,NA,ok (<0.05%)
2012,TX,cand:Obama,3308124,3308124,0,0,NA,ok (<0.05%)
2012,TX,cand:Romney,4569843,4569843,0,0,NA,ok (<0.05%)
2012,UT,cand:Obama,251813,251813,0,0,NA,ok (<0.05%)
2012,UT,cand:Romney,740600,740600,0,0,NA,ok (<0.05%)
2012,VA,cand:Obama,1971820,1971820,0,0,NA,ok (<0.05%)
2012,VA,cand:Romney,1822522,1822522,0,0,NA,ok (<0.05%)
2012,VT,cand:Obama,199239,199239,0,0,NA,ok (<0.05%)
2012,VT,cand:Romney,92698,92698,0,0,NA,ok (<0.05%)
2012,WA,cand:Obama,1755396,1755396,0,0,NA,ok (<0.05%)
2012,WA,cand:Romney,1290670,1290670,0,0,NA,ok (<0.05%)
2012,WI,cand:Obama,1620985,1620985,0,0,NA,ok (<0.05%)
2012,WI,cand:Romney,1407966,1410966,3000,0.0021307332705477263,NA,small (<0.5%)
2012,WV,cand:Obama,238269,238269,0,0,NA,ok (<0.05%)
2012,WV,cand:Romney,417655,417655,0,0,NA,ok (<0.05%)
2012,WY,cand:Obama,69286,69286,0,0,NA,ok (<0.05%)
2012,WY,cand:Romney,170962,170962,0,0,NA,ok (<0.05%)
2016,AL,cand:Clinton,729547,729547,0,0,NA,ok (<0.05%)
2016,AL,cand:Trump,1318255,1318250,-5,-3.7928928773264656e-6,NA,ok (<0.05%)
2016,AR,cand:Clinton,380494,380494,0,0,NA,ok (<0.05%)
2016,AR,cand:Trump,684872,684872,0,0,NA,ok (<0.05%)
2016,AZ,cand:Carter,42,0,-42,-1,NA,BAD (>=2%)
2016,AZ,cand:Clinton,1161167,1161167,0,0,NA,ok (<0.05%)
2016,AZ,cand:Trump,1252401,1252401,0,0,NA,ok (<0.05%)
2016,CA,cand:Clinton,8753792,8753788,-4,-4.569448303089678e-7,NA,ok (<0.05%)
2016,CO,cand:Clinton,1338870,1338870,0,0,NA,ok (<0.05%)
2016,CO,cand:Trump,1202484,1202484,0,0,NA,ok (<0.05%)
2016,CT,cand:Clinton,897572,897572,0,0,NA,ok (<0.05%)
2016,CT,cand:Trump,673215,673215,0,0,NA,ok (<0.05%)
2016,DE,cand:Clinton,235603,235603,0,0,NA,ok (<0.05%)
2016,DE,cand:Trump,185127,185127,0,0,NA,ok (<0.05%)
2016,FL,cand:Clinton,4504975,4504975,0,0,NA,ok (<0.05%)
2016,FL,cand:Trump,4617886,4617886,0,0,NA,ok (<0.05%)
2016,GA,cand:Clinton,1877963,1877963,0,0,NA,ok (<0.05%)
2016,GA,cand:Trump,2089104,2089104,0,0,NA,ok (<0.05%)
2016,IA,cand:Clinton,653669,653669,0,0,NA,ok (<0.05%)
2016,IA,cand:Trump,800983,800983,0,0,NA,ok (<0.05%)
2016,ID,cand:Clinton,189765,189765,0,0,NA,ok (<0.05%)
2016,ID,cand:Trump,409055,409055,0,0,NA,ok (<0.05%)
2016,IL,cand:Clinton,3090729,3090729,0,0,NA,ok (<0.05%)
2016,IL,cand:Trump,2146015,2146015,0,0,NA,ok (<0.05%)
2016,IN,cand:Clinton,1033126,1033126,0,0,NA,ok (<0.05%)
2016,IN,cand:Trump,1557286,1557286,0,0,NA,ok (<0.05%)
2016,KS,cand:Clinton,427005,427005,0,0,NA,ok (<0.05%)
2016,KS,cand:Trump,671018,671018,0,0,NA,ok (<0.05%)
2016,KY,cand:Clinton,628854,628854,0,0,NA,ok (<0.05%)
2016,KY,cand:Trump,1202971,1202971,0,0,NA,ok (<0.05%)
2016,LA,cand:Clinton,780154,780154,0,0,NA,ok (<0.05%)
2016,LA,cand:Trump,1178638,1178638,0,0,NA,ok (<0.05%)
2016,MA,cand:Clinton,1995196,1995196,0,0,NA,ok (<0.05%)
2016,MA,cand:Trump,1090893,1090893,0,0,NA,ok (<0.05%)
2016,MD,cand:Clinton,1677928,1677928,0,0,NA,ok (<0.05%)
2016,MD,cand:Trump,943169,943169,0,0,NA,ok (<0.05%)
2016,ME,cand:Clinton,357735,354718,-3017,-0.008433617062909696,NA,check (0.5-2%)
2016,ME,cand:Trump,335593,334945,-648,-0.0019309103586785184,NA,small (<0.5%)
2016,MI,cand:Clinton,2268839,2268839,0,0,NA,ok (<0.05%)
2016,MI,cand:Trump,2279543,2279543,0,0,NA,ok (<0.05%)
2016,MN,cand:Trump,1322951,1322951,0,0,NA,ok (<0.05%)
2016,MO,cand:Clinton,1071068,1071068,0,0,NA,ok (<0.05%)
2016,MO,cand:Trump,1594511,1594511,0,0,NA,ok (<0.05%)
2016,MS,cand:Clinton,485131,485131,0,0,NA,ok (<0.05%)
2016,MS,cand:Trump,700714,700714,0,0,NA,ok (<0.05%)
2016,MT,cand:Clinton,177709,177709,0,0,NA,ok (<0.05%)
2016,MT,cand:Trump,279240,279240,0,0,NA,ok (<0.05%)
2016,NC,cand:Clinton,2189316,2189316,0,0,NA,ok (<0.05%)
2016,NC,cand:Trump,2362631,2362631,0,0,NA,ok (<0.05%)
2016,ND,cand:Trump,216794,216794,0,0,NA,ok (<0.05%)
2016,NE,cand:Clinton,284494,284494,0,0,NA,ok (<0.05%)
2016,NE,cand:Trump,495961,495961,0,0,NA,ok (<0.05%)
2016,NH,cand:Clinton,348526,348526,0,0,NA,ok (<0.05%)
2016,NH,cand:Trump,345790,345790,0,0,NA,ok (<0.05%)
2016,NJ,cand:Clinton,2148278,2148278,0,0,NA,ok (<0.05%)
2016,NJ,cand:Trump,1601933,1601933,0,0,NA,ok (<0.05%)
2016,NM,cand:Clinton,385234,385234,0,0,NA,ok (<0.05%)
2016,NM,cand:Trump,319667,319667,0,0,NA,ok (<0.05%)
2016,NV,cand:Clinton,539260,539260,0,0,NA,ok (<0.05%)
2016,NV,cand:Trump,512058,512058,0,0,NA,ok (<0.05%)
2016,NY,cand:Clinton,4556118,4547562,-8556,-0.0018779144877283688,NA,small (<0.5%)
2016,NY,cand:Trump,2819533,2814589,-4944,-0.0017534818709339455,NA,small (<0.5%)
2016,OH,cand:Clinton,2394164,2394164,0,0,NA,ok (<0.05%)
2016,OH,cand:Trump,2841005,2841005,0,0,NA,ok (<0.05%)
2016,OK,cand:Clinton,420375,420375,0,0,NA,ok (<0.05%)
2016,OK,cand:Trump,949136,949136,0,0,NA,ok (<0.05%)
2016,OR,cand:Clinton,1002106,1002106,0,0,NA,ok (<0.05%)
2016,OR,cand:Trump,782403,782403,0,0,NA,ok (<0.05%)
2016,PA,cand:Clinton,2926441,2926441,0,0,NA,ok (<0.05%)
2016,PA,cand:Trump,2970733,2970733,0,0,NA,ok (<0.05%)
2016,RI,cand:Clinton,252525,251888,-637,-0.0025225225225225223,NA,small (<0.5%)
2016,RI,cand:Trump,180543,180490,-53,-2.935588751710119e-4,NA,ok (<0.05%)
2016,SC,cand:Clinton,855373,855373,0,0,NA,ok (<0.05%)
2016,SC,cand:Trump,1155389,1155389,0,0,NA,ok (<0.05%)
2016,SD,cand:Clinton,117458,117458,0,0,NA,ok (<0.05%)
2016,SD,cand:Trump,227721,227721,0,0,NA,ok (<0.05%)
2016,TN,cand:Clinton,870695,870695,0,0,NA,ok (<0.05%)
2016,TN,cand:Trump,1522925,1522925,0,0,NA,ok (<0.05%)
2016,TX,cand:Clinton,3877868,3877868,0,0,NA,ok (<0.05%)
2016,TX,cand:Trump,4685047,4685047,0,0,NA,ok (<0.05%)
2016,UT,cand:Clinton,310676,310676,0,0,NA,ok (<0.05%)
2016,UT,cand:Trump,515231,515231,0,0,NA,ok (<0.05%)
2016,VA,cand:Clinton,1981473,1981473,0,0,NA,ok (<0.05%)
2016,VA,cand:Trump,1769443,1769443,0,0,NA,ok (<0.05%)
2016,VT,cand:Clinton,178573,178573,0,0,NA,ok (<0.05%)
2016,VT,cand:Trump,95369,95369,0,0,NA,ok (<0.05%)
2016,WA,cand:Clinton,1742718,1742718,0,0,NA,ok (<0.05%)
2016,WA,cand:Trump,1221747,1221747,0,0,NA,ok (<0.05%)
2016,WI,cand:Clinton,1382536,1381823,-713,-5.157189396876465e-4,NA,small (<0.5%)
2016,WI,cand:Trump,1405284,1404440,-844,-6.005903433042716e-4,NA,small (<0.5%)
2016,WV,cand:Clinton,188794,188794,0,0,NA,ok (<0.05%)
2016,WV,cand:Trump,489371,489371,0,0,NA,ok (<0.05%)
2016,WY,cand:Clinton,55973,55973,0,0,NA,ok (<0.05%)
2016,WY,cand:Trump,174419,174419,0,0,NA,ok (<0.05%)
2020,AL,cand:Biden,849624,849624,0,0,NA,ok (<0.05%)
2020,AL,cand:Trump,1441170,1441170,0,0,NA,ok (<0.05%)
2020,AR,cand:Biden,423932,423932,0,0,NA,ok (<0.05%)
2020,AR,cand:Trump,760647,760647,0,0,NA,ok (<0.05%)
2020,AZ,cand:Biden,1672143,1672143,0,0,NA,ok (<0.05%)
2020,AZ,cand:Trump,1661686,1661686,0,0,NA,ok (<0.05%)
2020,CA,cand:Biden,11110639,11110250,-389,-3.501148763810974e-5,NA,ok (<0.05%)
2020,CA,cand:Trump,6006518,6006429,-89,-1.4817236875008116e-5,NA,ok (<0.05%)
2020,CO,cand:Biden,1804352,1804352,0,0,NA,ok (<0.05%)
2020,CO,cand:Trump,1364607,1364607,0,0,NA,ok (<0.05%)
2020,CT,cand:Biden,1080831,1080831,0,0,NA,ok (<0.05%)
2020,CT,cand:Trump,714717,714717,0,0,NA,ok (<0.05%)
2020,DE,cand:Biden,296268,296268,0,0,NA,ok (<0.05%)
2020,DE,cand:Trump,200603,200603,0,0,NA,ok (<0.05%)
2020,FL,cand:Biden,5297045,5297045,0,0,NA,ok (<0.05%)
2020,FL,cand:Trump,5668731,5668731,0,0,NA,ok (<0.05%)
2020,GA,cand:Biden,2473633,2474507,874,3.5332646354572405e-4,NA,ok (<0.05%)
2020,GA,cand:Trump,2461854,2461837,-17,-6.905364818547322e-6,NA,ok (<0.05%)
2020,IA,cand:Biden,759061,759061,0,0,NA,ok (<0.05%)
2020,IA,cand:Trump,897672,902009,4337,0.004831386074200822,NA,small (<0.5%)
2020,ID,cand:Biden,287021,287021,0,0,NA,ok (<0.05%)
2020,ID,cand:Trump,554119,554119,0,0,NA,ok (<0.05%)
2020,IL,cand:Biden,3471915,3471915,0,0,NA,ok (<0.05%)
2020,IL,cand:Trump,2446891,2446891,0,0,NA,ok (<0.05%)
2020,IN,cand:Biden,1242498,1242416,-82,-6.599608208624883e-5,NA,ok (<0.05%)
2020,IN,cand:Trump,1729857,1729519,-338,-1.9539187343231261e-4,NA,ok (<0.05%)
2020,KS,cand:Biden,570323,570323,0,0,NA,ok (<0.05%)
2020,KS,cand:Trump,771406,771406,0,0,NA,ok (<0.05%)
2020,KY,cand:Biden,772474,772285,-189,-2.4466842896977764e-4,NA,ok (<0.05%)
2020,KY,cand:Trump,1326646,1326418,-228,-1.71861973729239e-4,NA,ok (<0.05%)
2020,LA,cand:Biden,856034,856034,0,0,NA,ok (<0.05%)
2020,LA,cand:Trump,1255776,1255776,0,0,NA,ok (<0.05%)
2020,MA,cand:Biden,2382202,2382202,0,0,NA,ok (<0.05%)
2020,MA,cand:Trump,1167202,1167202,0,0,NA,ok (<0.05%)
2020,MD,cand:Biden,1985023,1985023,0,0,NA,ok (<0.05%)
2020,MD,cand:Trump,976414,976414,0,0,NA,ok (<0.05%)
2020,ME,cand:Biden,435072,430473,-4599,-0.010570664165931156,NA,check (0.5-2%)
2020,ME,cand:Trump,360737,359899,-838,-0.002323022035444105,NA,small (<0.5%)
2020,MI,cand:Biden,2804040,2804040,0,0,NA,ok (<0.05%)
2020,MI,cand:Trump,2649852,2649852,0,0,NA,ok (<0.05%)
2020,MN,cand:Trump,1484065,1484065,0,0,NA,ok (<0.05%)
2020,MO,cand:Biden,1253014,1253014,0,0,NA,ok (<0.05%)
2020,MO,cand:Trump,1718736,1718736,0,0,NA,ok (<0.05%)
2020,MS,cand:Biden,539398,539398,0,0,NA,ok (<0.05%)
2020,MS,cand:Trump,756764,756764,0,0,NA,ok (<0.05%)
2020,MT,cand:Biden,244786,244786,0,0,NA,ok (<0.05%)
2020,MT,cand:Trump,343602,343602,0,0,NA,ok (<0.05%)
2020,NC,cand:Biden,2684292,2684292,0,0,NA,ok (<0.05%)
2020,NC,cand:Trump,2758775,2758773,-2,-7.249594475809009e-7,NA,ok (<0.05%)
2020,ND,cand:Trump,235751,235595,-156,-6.617151146760778e-4,NA,small (<0.5%)
2020,NE,cand:Biden,374583,374583,0,0,NA,ok (<0.05%)
2020,NE,cand:Trump,556846,556846,0,0,NA,ok (<0.05%)
2020,NH,cand:Biden,424937,424937,0,0,NA,ok (<0.05%)
2020,NH,cand:Trump,365660,365660,0,0,NA,ok (<0.05%)
2020,NJ,cand:Biden,2608400,2608335,-65,-2.491949087563257e-5,NA,ok (<0.05%)
2020,NJ,cand:Trump,1883313,1883274,-39,-2.07081881768989e-5,NA,ok (<0.05%)
2020,NM,cand:Biden,501614,501614,0,0,NA,ok (<0.05%)
2020,NM,cand:Trump,401894,401894,0,0,NA,ok (<0.05%)
2020,NV,cand:Biden,703486,703314,-172,-2.444966921871935e-4,NA,ok (<0.05%)
2020,NV,cand:Trump,669890,669608,-282,-4.2096463598501245e-4,NA,ok (<0.05%)
2020,NY,cand:Biden,5244886,5230985,-13901,-0.002650391257312361,NA,small (<0.5%)
2020,NY,cand:Trump,3251997,3244798,-7199,-0.00221371667932043,NA,small (<0.5%)
2020,OH,cand:Biden,2679165,2679165,0,0,NA,ok (<0.05%)
2020,OH,cand:Trump,3154834,3154834,0,0,NA,ok (<0.05%)
2020,OK,cand:Biden,503890,503890,0,0,NA,ok (<0.05%)
2020,OK,cand:Trump,1020280,1020280,0,0,NA,ok (<0.05%)
2020,OR,cand:Biden,1340383,1340383,0,0,NA,ok (<0.05%)
2020,OR,cand:Trump,958448,958448,0,0,NA,ok (<0.05%)
2020,PA,cand:Biden,3458229,3458229,0,0,NA,ok (<0.05%)
2020,PA,cand:Trump,3377674,3377674,0,0,NA,ok (<0.05%)
2020,RI,cand:Biden,307486,306210,-1276,-0.004149782429118724,NA,small (<0.5%)
2020,RI,cand:Trump,199922,199837,-85,-4.251658146677204e-4,NA,ok (<0.05%)
2020,SC,cand:Biden,1091541,1091541,0,0,NA,ok (<0.05%)
2020,SC,cand:Trump,1385103,1385103,0,0,NA,ok (<0.05%)
2020,SD,cand:Biden,150471,150471,0,0,NA,ok (<0.05%)
2020,SD,cand:Trump,261043,261043,0,0,NA,ok (<0.05%)
2020,TN,cand:Biden,1143711,1143711,0,0,NA,ok (<0.05%)
2020,TN,cand:Trump,1852475,1852475,0,0,NA,ok (<0.05%)
2020,TX,cand:Biden,5259126,5259126,0,0,NA,ok (<0.05%)
2020,TX,cand:Trump,5890347,5890347,0,0,NA,ok (<0.05%)
2020,UT,cand:Biden,560282,560282,0,0,NA,ok (<0.05%)
2020,UT,cand:Trump,865140,865139,-1,-1.1558822849481008e-6,NA,ok (<0.05%)
2020,VA,cand:Biden,2413568,2413568,0,0,NA,ok (<0.05%)
2020,VA,cand:Trump,1962430,1962430,0,0,NA,ok (<0.05%)
2020,VT,cand:Biden,242820,242826,6,2.4709661477637757e-5,NA,ok (<0.05%)
2020,VT,cand:Trump,112704,112708,4,3.5491198182850654e-5,NA,ok (<0.05%)
2020,WA,cand:Biden,2369612,2369612,0,0,NA,ok (<0.05%)
2020,WA,cand:Trump,1584651,1584651,0,0,NA,ok (<0.05%)
2020,WI,cand:Biden,1630866,1630673,-193,-1.1834203423211962e-4,NA,ok (<0.05%)
2020,WI,cand:Trump,1610184,1610065,-119,-7.390459723857645e-5,NA,ok (<0.05%)
2020,WV,cand:Biden,235984,235984,0,0,NA,ok (<0.05%)
2020,WV,cand:Trump,545382,545382,0,0,NA,ok (<0.05%)
2020,WY,cand:Biden,73491,73491,0,0,NA,ok (<0.05%)
2020,WY,cand:Trump,193559,193559,0,0,NA,ok (<0.05%)
2024,AL,cand:Trump,1462616,1462616,0,0,NA,ok (<0.05%)
2024,AZ,cand:Trump,1770242,1770242,0,0,NA,ok (<0.05%)
2024,AR,cand:Trump,759241,759241,0,0,NA,ok (<0.05%)
2024,CA,cand:Trump,6081697,6081697,0,0,NA,ok (<0.05%)
2024,CO,cand:Trump,1377441,1377441,0,0,NA,ok (<0.05%)
2024,CT,cand:Trump,736918,736918,0,0,NA,ok (<0.05%)
2024,DE,cand:Trump,214351,214351,0,0,NA,ok (<0.05%)
2024,FL,cand:Trump,6110125,6110125,0,0,NA,ok (<0.05%)
2024,GA,cand:Trump,2663117,2663117,0,0,NA,ok (<0.05%)
2024,ID,cand:Trump,605246,605246,0,0,NA,ok (<0.05%)
2024,IL,cand:Trump,2449079,2449079,0,0,NA,ok (<0.05%)
2024,IN,cand:Trump,1720347,1720347,0,0,NA,ok (<0.05%)
2024,IA,cand:Trump,927019,927019,0,0,NA,ok (<0.05%)
2024,KS,cand:Trump,758802,758802,0,0,NA,ok (<0.05%)
2024,KY,cand:Trump,1337494,1337494,0,0,NA,ok (<0.05%)
2024,LA,cand:Trump,1208505,1208505,0,0,NA,ok (<0.05%)
2024,ME,cand:Trump,377977,376991,-986,-0.0026086243342848905,NA,small (<0.5%)
2024,MD,cand:Trump,1035550,1035550,0,0,NA,ok (<0.05%)
2024,MA,cand:Trump,1251303,1251303,0,0,NA,ok (<0.05%)
2024,MI,cand:Trump,2816636,2816636,0,0,NA,ok (<0.05%)
2024,MN,cand:Trump,1519032,1519032,0,0,NA,ok (<0.05%)
2024,MS,cand:Trump,747744,747744,0,0,NA,ok (<0.05%)
2024,MO,cand:Trump,1751986,1751986,0,0,NA,ok (<0.05%)
2024,MT,cand:Trump,352079,352079,0,0,NA,ok (<0.05%)
2024,NE,cand:Trump,564816,564816,0,0,NA,ok (<0.05%)
2024,NV,cand:Trump,751205,751205,0,0,NA,ok (<0.05%)
2024,NH,cand:Trump,395523,395523,0,0,NA,ok (<0.05%)
2024,NJ,cand:Trump,1968215,1968215,0,0,NA,ok (<0.05%)
2024,NM,cand:Trump,423391,423391,0,0,NA,ok (<0.05%)
2024,NY,cand:Trump,3578899,3578899,0,0,NA,ok (<0.05%)
2024,NC,cand:Trump,2898423,2898423,0,0,NA,ok (<0.05%)
2024,ND,cand:Trump,246505,246505,0,0,NA,ok (<0.05%)
2024,OH,cand:Trump,3180116,3180116,0,0,NA,ok (<0.05%)
2024,OK,cand:Trump,1036213,1036213,0,0,NA,ok (<0.05%)
2024,OR,cand:Trump,919480,919480,0,0,NA,ok (<0.05%)
2024,PA,cand:Trump,3543308,3543308,0,0,NA,ok (<0.05%)
2024,RI,cand:Trump,214406,214291,-115,-5.36365586783952e-4,NA,small (<0.5%)
2024,SC,cand:Trump,1483747,1483747,0,0,NA,ok (<0.05%)
2024,SD,cand:Trump,272081,272081,0,0,NA,ok (<0.05%)
2024,TN,cand:Trump,1966865,1966865,0,0,NA,ok (<0.05%)
2024,TX,cand:Trump,6393597,6393597,0,0,NA,ok (<0.05%)
2024,UT,cand:Trump,883818,883818,0,0,NA,ok (<0.05%)
2024,VT,cand:Trump,119395,119395,0,0,NA,ok (<0.05%)
2024,VA,cand:Trump,2075085,2075085,0,0,NA,ok (<0.05%)
2024,WA,cand:Trump,1530923,1530923,0,0,NA,ok (<0.05%)
2024,WV,cand:Trump,533556,533556,0,0,NA,ok (<0.05%)
2024,WI,cand:Trump,1697626,1697626,0,0,NA,ok (<0.05%)
2024,WY,cand:Trump,192633,192633,0,0,NA,ok (<0.05%)
2024,AL,cand:Harris,772412,772412,0,0,NA,ok (<0.05%)
2024,AZ,cand:Harris,1582860,1582860,0,0,NA,ok (<0.05%)
2024,AR,cand:Harris,396905,396905,0,0,NA,ok (<0.05%)
2024,CA,cand:Harris,9276179,9276179,0,0,NA,ok (<0.05%)
2024,CO,cand:Harris,1728159,1728159,0,0,NA,ok (<0.05%)
2024,CT,cand:Harris,992053,992053,0,0,NA,ok (<0.05%)
2024,DE,cand:Harris,289758,289758,0,0,NA,ok (<0.05%)
2024,FL,cand:Harris,4683038,4683038,0,0,NA,ok (<0.05%)
2024,GA,cand:Harris,2548017,2548017,0,0,NA,ok (<0.05%)
2024,ID,cand:Harris,274972,274972,0,0,NA,ok (<0.05%)
2024,IL,cand:Harris,3062863,3062863,0,0,NA,ok (<0.05%)
2024,IN,cand:Harris,1163603,1163603,0,0,NA,ok (<0.05%)
2024,IA,cand:Harris,707278,707278,0,0,NA,ok (<0.05%)
2024,KS,cand:Harris,544853,544853,0,0,NA,ok (<0.05%)
2024,KY,cand:Harris,704043,704043,0,0,NA,ok (<0.05%)
2024,LA,cand:Harris,766870,766870,0,0,NA,ok (<0.05%)
2024,ME,cand:Harris,435652,430342,-5310,-0.012188627620210626,NA,check (0.5-2%)
2024,MD,cand:Harris,1902577,1902577,0,0,NA,ok (<0.05%)
2024,MA,cand:Harris,2126518,2126518,0,0,NA,ok (<0.05%)
2024,MI,cand:Harris,2736533,2736533,0,0,NA,ok (<0.05%)
2024,MN,cand:Harris,1656979,1656979,0,0,NA,ok (<0.05%)
2024,MS,cand:Harris,466668,466668,0,0,NA,ok (<0.05%)
2024,MO,cand:Harris,1200599,1200599,0,0,NA,ok (<0.05%)
2024,MT,cand:Harris,231906,231906,0,0,NA,ok (<0.05%)
2024,NE,cand:Harris,369995,369995,0,0,NA,ok (<0.05%)
2024,NV,cand:Harris,705197,705197,0,0,NA,ok (<0.05%)
2024,NH,cand:Harris,418488,418488,0,0,NA,ok (<0.05%)
2024,NJ,cand:Harris,2220713,2220713,0,0,NA,ok (<0.05%)
2024,NM,cand:Harris,478802,478802,0,0,NA,ok (<0.05%)
2024,NY,cand:Harris,4619195,4619195,0,0,NA,ok (<0.05%)
2024,NC,cand:Harris,2715375,2715375,0,0,NA,ok (<0.05%)
2024,ND,cand:Harris,112327,112327,0,0,NA,ok (<0.05%)
2024,OH,cand:Harris,2533699,2533699,0,0,NA,ok (<0.05%)
2024,OK,cand:Harris,499599,499599,0,0,NA,ok (<0.05%)
2024,OR,cand:Harris,1240600,1240600,0,0,NA,ok (<0.05%)
2024,PA,cand:Harris,3423042,3423042,0,0,NA,ok (<0.05%)
2024,RI,cand:Harris,285156,283750,-1406,-0.004930634459734321,NA,small (<0.5%)
2024,SC,cand:Harris,1028452,1028452,0,0,NA,ok (<0.05%)
2024,SD,cand:Harris,146859,146859,0,0,NA,ok (<0.05%)
2024,TN,cand:Harris,1056265,1056265,0,0,NA,ok (<0.05%)
2024,TX,cand:Harris,4835250,4835250,0,0,NA,ok (<0.05%)
2024,UT,cand:Harris,562566,562566,0,0,NA,ok (<0.05%)
2024,VT,cand:Harris,235791,235791,0,0,NA,ok (<0.05%)
2024,VA,cand:Harris,2335395,2335395,0,0,NA,ok (<0.05%)
2024,WA,cand:Harris,2245849,2245849,0,0,NA,ok (<0.05%)
2024,WV,cand:Harris,214309,214309,0,0,NA,ok (<0.05%)
2024,WI,cand:Harris,1668229,1668229,0,0,NA,ok (<0.05%)
2024,WY,cand:Harris,69527,69527,0,0,NA,ok (<0.05%)
